strain	sample	accession	lineage	city	county	state	country	host	collection	date	source	authors	url	title	journal	paper_url
Neudoerfl_TBEV_Unknown_NA_Austria_Unknown_Unknown_1971-XX-XX	Neudoerfl	NC_001672	TBEV	Unknown_Austria	NA	Unknown_Austria	Austria	Unknown	Unknown	1971-06-01	GenBank	Mandl et al. (1989)	https://www.ncbi.nlm.nih.gov/nuccore/NC_001672.1			
P0375-KU886216_LII_Bridgeport_CT_USA_Ixodes-scapularis_Unknown_Unknown_2010-11-01	P0375	KU886216.1	LII	Bridgeport_CT	Fairfield_CT	Connecticut	USA	Ixodes-scapularis	Unknown	2010-11-01	GenBank	Grubaugh et al. (2016)	https://www.ncbi.nlm.nih.gov/nuccore/KU886216.1	Transmission bottlenecks and RNAi collectively influence tick-borne flavivirus evolution	Virus Evol. 2(2): vew033 (2016)	https://www.ncbi.nlm.nih.gov/pmc/articles/PMC5210029/
LB_LI_Powassan_ON_Canada_Homo-sapiens_NA_NA_1958-09-23	LB	NC_003687	LI	Powassan_ON	NA	Ontario	Canada	Homo-sapiens	NA	1958-09-23	GenBank	Mandl et al. (1993)	https://www.ncbi.nlm.nih.gov/nuccore/NC_003687.1	Complete genomic sequence of Powassan virus: evaluation of genetic elements in tick-borne versus mosquito-borne flaviviruses	Virology 194 (1), 173-184 (1993)	https://www.ncbi.nlm.nih.gov/pubmed/8097605
POWV-M030T-brain_LII_Unknown_NH_USA_Homo-sapiens_NA_NA_2016-12-XX	POWV_M030T_brain	MF688929	LII	Unknown_NH	NA	New-Hampshire	USA	Homo-sapiens	NA	2016-12-01	GenBank	Piantadosi et al. (2018)	https://www.ncbi.nlm.nih.gov/nuccore/MF688929.1	Rapid detection of Powassan virus in a patient with encephalitis by metagenomic sequencing	Clin Infect Dis. 66(5):789-792 (2018)	https://www.ncbi.nlm.nih.gov/pubmed/29020227
POWV-M030T-CSF_LII_Unknown_NH_USA_Homo-sapiens_NA_NA_2016-12-XX	POWV_M030T_CSF	MF688928	LII	Unknown_NH	NA	New-Hampshire	USA	Homo-sapiens	NA	2016-12-01	GenBank	Piantadosi et al. (2018)	https://www.ncbi.nlm.nih.gov/nuccore/MF688928.1	Rapid detection of Powassan virus in a patient with encephalitis by metagenomic sequencing	Clin Infect Dis. 66(5):789-792 (2018)	https://www.ncbi.nlm.nih.gov/pubmed/29020227
64-7062_LI_Unknown_NY_USA_Tick_Unknown_Unknown_1964-XX-XX	64-7062	HM440563	LI	Unknown_NY	NA	New-York	USA	Tick	Unknown	1964-06-01	GenBank	Pesko et al. (2010)	https://www.ncbi.nlm.nih.gov/nuccore/HM440563.1	Molecular epidemiology of Powassan virus in North America	J. Gen. Virol. 91 (PT 11), 2698-2705 (2010)	https://www.ncbi.nlm.nih.gov/pubmed/20631087
DTVWiC08_LII_Spooner_WI_USA_Ixodes-scapularis_Unknown_Unknown_2008-XX-XX	DTVWiC08	HM440562	LII	Spooner_WI	Washburn_WI	Wisconsin	USA	Ixodes-scapularis	Unknown	2008-06-01	GenBank	Pesko et al. (2010)	https://www.ncbi.nlm.nih.gov/nuccore/HM440562.1	Molecular epidemiology of Powassan virus in North America	J. Gen. Virol. 91 (PT 11), 2698-2705 (2010)	https://www.ncbi.nlm.nih.gov/pubmed/20631087
DTVWiB08_LII_Spooner_WI_USA_Ixodes-scapularis_Unknown_Unknown_2008-XX-XX	DTVWiB08	HM440561	LII	Spooner_WI	Washburn_WI	Wisconsin	USA	Ixodes-scapularis	Unknown	2008-06-01	GenBank	Pesko et al. (2010)	https://www.ncbi.nlm.nih.gov/nuccore/HM440561.1	Molecular epidemiology of Powassan virus in North America	J. Gen. Virol. 91 (PT 11), 2698-2705 (2010)	https://www.ncbi.nlm.nih.gov/pubmed/20631087
DTVWiA08_LII_Spooner_WI_USA_Ixodes-scapularis_Unknown_Unknown_2008-XX-XX	DTVWiA08	HM440560	LII	Spooner_WI	Washburn_WI	Wisconsin	USA	Ixodes-scapularis	Unknown	2008-06-01	GenBank	Pesko et al. (2010)	https://www.ncbi.nlm.nih.gov/nuccore/HM440560.1	Molecular epidemiology of Powassan virus in North America	J. Gen. Virol. 91 (PT 11), 2698-2705 (2010)	https://www.ncbi.nlm.nih.gov/pubmed/20631087
NFS001_LII_Nantucket_MA_USA_Ixodes-scapularis_Unknown_Unknown_1996-XX-XX	NFS001	HM440559	LII	Nantucket_MA	Nantucket_MA	Massachusetts	USA	Ixodes-scapularis	Unknown	1996-06-01	GenBank	Pesko et al. (2010)	https://www.ncbi.nlm.nih.gov/nuccore/HM440559.1	Molecular epidemiology of Powassan virus in North America	J. Gen. Virol. 91 (PT 11), 2698-2705 (2010)	https://www.ncbi.nlm.nih.gov/pubmed/20631087
wicf9901_LII_Chippewa-Falls_WI_USA_Ixodes-scapularis_Unknown_Unknown_1999-XX-XX	wicf9901	HM440558	LII	Chippewa-Falls_WI	Chippewa_WI	Wisconsin	USA	Ixodes-scapularis	Unknown	1999-06-01	GenBank	Pesko et al. (2010)	https://www.ncbi.nlm.nih.gov/nuccore/HM440558.1	Molecular epidemiology of Powassan virus in North America	J. Gen. Virol. 91 (PT 11), 2698-2705 (2010)	https://www.ncbi.nlm.nih.gov/pubmed/20631087
MeC17-166_LII_Cape-Elizabeth_ME_USA_Ixodes-scapularis_Unknown_Unknown_2017-XX-XX	MeC17-166	MK104144	LII	Cape-Elizabeth_ME	Cumberland_ME	Maine	USA	Ixodes-scapularis	Unknown	2017-06-01	GenBank	Robich et al. (2019)	https://www.ncbi.nlm.nih.gov/nuccore/MK104144.1	Prevalence and genetic characterization of deer tick virus (Powassan virus, lineage II) in Ixodes scapularis ticks collected in Maine	Am. J. Trop. Med. Hyg. 101(2):467-471 (2019)	https://www.ncbi.nlm.nih.gov/pubmed/31218999
MeW17-228_LII_Wells_ME_USA_Ixodes-scapularis_Unknown_Unknown_2017-XX-XX	MeW17-228	MK309362	LII	Wells_ME	York_ME	Maine	USA	Ixodes-scapularis	Unknown	2017-06-01	GenBank	Robich et al. (2019)	https://www.ncbi.nlm.nih.gov/nuccore/MK309362.1	Prevalence and genetic characterization of deer tick virus (Powassan virus, lineage II) in Ixodes scapularis ticks collected in Maine	Am. J. Trop. Med. Hyg. 101(2):467-471 (2019)	https://www.ncbi.nlm.nih.gov/pubmed/31218999
RTS84_LII_East-Islip_NY_USA_Ixodes-scapularis_Unknown_Unknown_2016-XX-XX	RTS84	MG647783	LII	East-Islip_NY	Suffolk_NY	New-York	USA	Ixodes-scapularis	Unknown	2016-06-01	GenBank	Tokarz et al. (2018)	https://www.ncbi.nlm.nih.gov/nuccore/MG647783.1	Identification of novel viruses in Amblyomma americanum, Dermacentor variablis, and Ixodes scapularis ticks	mSphere 3 (2) e00614-17 (2018)	https://www.ncbi.nlm.nih.gov/pubmed/29564401
RTS96_LII_Lloyd-Harbor_NY_USA_Ixodes-scapularis_Unknown_Unknown_2016-XX-XX	RTS96	MG647782	LII	Lloyd-Harbor_NY	Suffolk_NY	New-York	USA	Ixodes-scapularis	Unknown	2016-06-01	GenBank	Tokarz et al. (2018)	https://www.ncbi.nlm.nih.gov/nuccore/MG647782.1	Identification of novel viruses in Amblyomma americanum, Dermacentor variablis, and Ixodes scapularis ticks	mSphere 3 (2) e00614-17 (2018)	https://www.ncbi.nlm.nih.gov/pubmed/29564401
RTS92_LII_Islip_NY_USA_Ixodes-scapularis_Unknown_Unknown_2016-XX-XX	RTS92	MG647781	LII	Islip_NY	Suffolk_NY	New-York	USA	Ixodes-scapularis	Unknown	2016-06-01	GenBank	Tokarz et al. (2018)	https://www.ncbi.nlm.nih.gov/nuccore/MG647781.1	Identification of novel viruses in Amblyomma americanum, Dermacentor variablis, and Ixodes scapularis ticks	mSphere 3 (2) e00614-17 (2018)	https://www.ncbi.nlm.nih.gov/pubmed/29564401
RTS82_LII_East-Islip_NY_USA_Ixodes-scapularis_Unknown_Unknown_2016-XX-XX	RTS82	MG647780	LII	East-Islip_NY	Suffolk_NY	New-York	USA	Ixodes-scapularis	Unknown	2016-06-01	GenBank	Tokarz et al. (2018)	https://www.ncbi.nlm.nih.gov/nuccore/MG647780.1	Identification of novel viruses in Amblyomma americanum, Dermacentor variablis, and Ixodes scapularis ticks	mSphere 3 (2) e00614-17 (2018)	https://www.ncbi.nlm.nih.gov/pubmed/29564401
RTS81_LII_East-Islip_NY_USA_Ixodes-scapularis_Unknown_Unknown_2016-XX-XX	RTS81	MG647779	LII	East-Islip_NY	Suffolk_NY	New-York	USA	Ixodes-scapularis	Unknown	2016-06-01	GenBank	Tokarz et al. (2018)	https://www.ncbi.nlm.nih.gov/nuccore/MG647779.1	Identification of novel viruses in Amblyomma americanum, Dermacentor variablis, and Ixodes scapularis ticks	mSphere 3 (2) e00614-17 (2018)	https://www.ncbi.nlm.nih.gov/pubmed/29564401
LI-1_LII_East-Islip_NY_USA_Ixodes-scapularis_Unknown_Unknown_2013-04-XX	LI-1	KJ746872	LII	East-Islip_NY	Suffolk_NY	New-York	USA	Ixodes-scapularis	Unknown	2013-04-01	GenBank	Tokarz et al. (2014)	https://www.ncbi.nlm.nih.gov/nuccore/KJ746872.2	Virome analysis of Amblyomma americanum, Dermacentor variabilis, and Ixodes scapularis ticks reveals novel highly divergent vertebrate and invertebrate viruses	J. Virol. 88 (19), 11480-11492 (2014)	https://www.ncbi.nlm.nih.gov/pubmed/25056893
ctb30-ct95_LII_Unknown_CT_USA_Ixodes-scapularis_Unknown_Unknown_1995-XX-XX	ctb30	AF311056	LII	Unknown_CT	NA	Connecticut	USA	Ixodes-scapularis	Unknown	1995-06-01	GenBank	Kuno et al. (2001)	https://www.ncbi.nlm.nih.gov/nuccore/AF311056.1	Genomic sequencing of deer tick virus and phylogeny of powassan-related viruses of North America	Am. J. Trop. Med. Hyg. 65(5): 671-676 (2011)	https://pubmed.ncbi.nlm.nih.gov/11716135/
CoJH_LII_Westchester_NY_USA_Unknown_Unknown_Unknown_2008-XX-XX	CoJH		LII	Unknown_NY	Westchester_NY	New-York	USA	Unknown	Unknown	2008-06-01	NYSDOH	Ciota et al.				
Co916_LII_Westchester_NY_USA_Unknown_Unknown_Unknown_2009-XX-XX	Co916		LII	Unknown_NY	Westchester_NY	New-York	USA	Unknown	Unknown	2009-06-01	NYSDOH	Ciota et al.				
CoYorktown_LII_Westchester_NY_USA_Unknown_Unknown_Unknown_2011-XX-XX	CoYorktown		LII	Unknown_NY	Westchester_NY	New-York	USA	Unknown	Unknown	2011-06-01	NYSDOH	Ciota et al.				
Co123_LII_Rockland_NY_USA_Unknown_Unknown_Unknown_2011-XX-XX	Co123		LII	Unknown_NY	Rockland_NY	New-York	USA	Unknown	Unknown	2011-06-01	NYSDOH	Ciota et al.				
Co1190_LII_Putnam_NY_USA_Unknown_Unknown_Unknown_2011-XX-XX	Co1190		LII	Unknown_NY	Putnam_NY	New-York	USA	Unknown	Unknown	2011-06-01	NYSDOH	Ciota et al.				
P0096_LII_Bridgeport_CT_USA_Unknown_Unknown_Unknown_2008-XX-XX	P0096		LII	Bridgeport_CT	Fairfield_CT	Connecticut	USA	Unknown	Unknown	2008-06-01	NYSDOH	Ciota et al.				
CoFDR_LII_Westchester_NY_USA_Unknown_Unknown_Unknown_2008-XX-XX	CoFDR		LII	Unknown_NY	Westchester_NY	New-York	USA	Unknown	Unknown	2008-06-01	NYSDOH	Ciota et al.				
CoNorthCastle_LII_Westchester_NY_USA_Unknown_Unknown_Unknown_2011-XX-XX	CoNorthCastle		LII	Unknown_NY	Westchester_NY	New-York	USA	Unknown	Unknown	2011-06-01	NYSDOH	Ciota et al.				
P1912_LII_Bridgeport_CT_USA_Unknown_Unknown_Unknown_2012-XX-XX	P1912		LII	Bridgeport_CT	Fairfield_CT	Connecticut	USA	Unknown	Unknown	2012-06-01	NYSDOH	Ciota et al.				
Co1021_LII_Putnam_NY_USA_Unknown_Unknown_Unknown_2010-XX-XX	Co1021		LII	Unknown_NY	Putnam_NY	New-York	USA	Unknown	Unknown	2010-06-01	NYSDOH	Ciota et al.				
CT390_LII_Nortwest_CT_USA_Unknown_Unknown_Unknown_1995-XX-XX	CT390		LII	Unknown_CT	NA	Connecticut	USA	Unknown	Unknown	1995-06-01	NYSDOH	Ciota et al.				
P0525_LII_North-Branford_CT_USA_Unknown_Unknown_Unknown_2010-XX-XX	P0525		LII	North-Branford_CT	New-Haven_CT	Connecticut	USA	Unknown	Unknown	2010-06-01	NYSDOH	Ciota et al.				
CoWTDtick_LII_Columbia_NY_USA_Unknown_Unknown_Unknown_2013-XX-XX	CoWTDtick		LII	Unknown_NY	Columbia_NY	New-York	USA	Unknown	Unknown	2013-06-01	NYSDOH	Ciota et al.				
Co1373_LII_Dutchess_NY_USA_Unknown_Unknown_Unknown_2011-12-XX	Co1373		LII	Unknown_NY	Dutchess_NY	New-York	USA	Unknown	Unknown	2011-12-01	NYSDOH	Ciota et al.				
SPO_LII_Spooner_WI_USA_Unknown_Unknown_Unknown_1997-XX-XX	SPO		LII	Spooner_WI	Washburn_WI	Wisconsin	USA	Unknown	Unknown	1997-06-01	NYSDOH	Ciota et al.				
NY-tick7062_LI_Unknown_NY_USA_Tick_Unknown_Unknown_1964-XX-XX	NY-tick7062		LI	Unknown_NY	NA	New-York	USA	Tick	Unknown	1964-06-01	NYSDOH	Ciota et al.				
NY-human1702_LI_Unknown_NY_USA_Homo-sapiens_NA_NA_1975-XX-XX	NY-human1702		LI	Unknown_NY	NA	New-York	USA	Homo-sapiens	NA	1975-06-01	NYSDOH	Ciota et al.				
PF3.017_LII_Wells_ME_USA_Ixodes-scapularis_Unknown_Unknown_2018-06-07	PF3.017		LII	Wells_ME	York_ME	Maine	USA	Ixodes-scapularis	Unknown	2018-06-07	MMCRI	Normandin et al.				
PF3.019_LII_Wells_ME_USA_Ixodes-scapularis_Unknown_Unknown_2018-06-07	PF3.019		LII	Wells_ME	York_ME	Maine	USA	Ixodes-scapularis	Unknown	2018-06-07	MMCRI	Normandin et al.				
PF3.020_LII_Wells_ME_USA_Ixodes-scapularis_Unknown_Unknown_2018-06-07	PF3.020		LII	Wells_ME	York_ME	Maine	USA	Ixodes-scapularis	Unknown	2018-06-07	MMCRI	Normandin et al.				
PF3.057_LII_Wells_ME_USA_Ixodes-scapularis_Unknown_Unknown_2018-06-11	PF3.057		LII	Wells_ME	York_ME	Maine	USA	Ixodes-scapularis	Unknown	2018-06-11	MMCRI	Normandin et al.				
DH18-P52-B9_LII_Millis_MA_USA_Unknown_Unknown_Unknown_2018-11-XX	DH18-P52-B9		LII	Millis_MA	Norfolk_MA	Massachusetts	USA	Unknown	Unknown	2018-11-01	Tufts	Normandin et al.				
ME18-F37_LII_Cape-Elizabeth_ME_USA_Unknown_Unknown_Unknown_2018-10-XX	ME18-F37		LII	Cape-Elizabeth_ME	Cumberland_ME	Maine	USA	Unknown	Unknown	2018-10-01	Tufts	Normandin et al.				
ME18-M193_LII_Wells_ME_USA_Unknown_Unknown_Unknown_2018-11-XX	ME18-M193		LII	Wells_ME	York_ME	Maine	USA	Unknown	Unknown	2018-11-01	Tufts	Normandin et al.				
RI18-M49_LII_South-county_RI_USA_Ixodes-scapularis_Unknown_Unknown_2018-11-XX	RI18-M49		LII	Unknown_RI	Washington_RI	Rhode-Island	USA	Ixodes-scapularis	Unknown	2018-11-01	Tufts	Normandin et al.				
DH18-P61-g2_LII_Sherborn_MA_USA_Ixodes-scapularis_Unknown_Unknown_2018-11-XX	DH18-P61-g2		LII	Sherborn_MA	Middlesex_MA	Massachusetts	USA	Ixodes-scapularis	Unknown	2018-11-01	Tufts	Normandin et al.				
DH18-P1020C10_LII_Millis_MA_USA_Ixodes-scapularis_Unknown_Unknown_2018-11-XX	DH18-P1020C10		LII	Millis_MA	Norfolk_MA	Massachusetts	USA	Ixodes-scapularis	Unknown	2018-11-01	Tufts	Normandin et al.				
N18-F18_LII_Nantucket_MA_USA_Ixodes-scapularis_Unknown_Unknown_2018-10-XX	N18-F18		LII	Nantucket_MA	Nantucket_MA	Massachusetts	USA	Ixodes-scapularis	Unknown	2018-10-01	Tufts	Normandin et al.				
ME18-M192_LII_Wells_ME_USA_Ixodes-scapularis_Unknown_Unknown_2018-11-XX	ME18-M192		LII	Wells_ME	York_ME	Maine	USA	Ixodes-scapularis	Unknown	2018-11-01	Tufts	Normandin et al.				
RI18-N570_LII_South-county_RI_USA_Ixodes-scapularis_Unknown_Unknown_2018-06-XX	RI18-N570		LII	Unknown_RI	Washington_RI	Rhode-Island	USA	Ixodes-scapularis	Unknown	2018-06-01	Tufts	Normandin et al.				
RI18-M272_LII_South-county_RI_USA_Ixodes-scapularis_Unknown_Unknown_2018-11-XX	RI18-M272		LII	Unknown_RI	Washington_RI	Rhode-Island	USA	Ixodes-scapularis	Unknown	2018-11-01	Tufts	Normandin et al.				
RI18-F165_LII_South-county_RI_USA_Ixodes-scapularis_Unknown_Unknown_2018-11-XX	RI18-F165		LII	Unknown_RI	Washington_RI	Rhode-Island	USA	Ixodes-scapularis	Unknown	2018-11-01	Tufts	Normandin et al.				
DH18-D81-A4-A6_LII_Marthas-Vineyard_MA_USA_Ixodes-scapularis_Unknown_Unknown_2018-11-XX	DH18-D81-A4-A6		LII	Marthas-Vineyard_MA	Dukes_MA	Massachusetts	USA	Ixodes-scapularis	Unknown	2018-11-01	Tufts	Normandin et al.				
DH18-D81-A1-A3_LII_Marthas-Vineyard_MA_USA_Ixodes-scapularis_Unknown_Unknown_2018-11-XX	DH18-D81-A1-A3		LII	Marthas-Vineyard_MA	Dukes_MA	Massachusetts	USA	Ixodes-scapularis	Unknown	2018-11-01	Tufts	Normandin et al.				
ME18-M32_LII_Cape-Elizabeth_ME_USA_Ixodes-scapularis_Unknown_Unknown_2018-10-XX	ME18-M32		LII	Cape-Elizabeth_ME	Cumberland_ME	Maine	USA	Ixodes-scapularis	Unknown	2018-10-01	Tufts	Normandin et al.				
1427-62_LI_North-Bay_ON_Canada_Sciurus-vulgaris_Unknown_Unknown_1962-XX-XX	1427-62		LI	North-Bay_ON	NA	Ontario	Canada	Sciurus-vulgaris	NA	1962-06-01	CSU	Normandin et al.				
M11665_LI_Laurier-Township_ON_Canada_Ixodes-cookei_Unknown_Unknown_1965-XX-XX	M11665		LI	Laurier-Township_ON	NA	Ontario	Canada	Ixodes-cookei	Unknown	1965-06-01	CSU	Normandin et al.				
SPOB9901_LII_Spooner_WI_USA_Ixodes-scapularis_Unknown_Unknown_1997-XX-XX	SPOB9901		LII	Spooner_WI	Washburn_WI	Wisconsin	USA	Ixodes-scapularis	Unknown	1997-06-01	CSU	Normandin et al.				
FB-Dv-1_LII_Spooner_WI_USA_Ixodes-scapularis_Unknown_Unknown_2008-XX-XX	FB-Dv#1		LII	Spooner_WI	Washburn_WI	Wisconsin	USA	Ixodes-scapularis	Unknown	2008-06-01	CSU	Normandin et al.				
FA5-12-40_LII_Spooner_WI_USA_Ixodes-scapularis_Unknown_Unknown_2008-XX-XX	FA5-12-40		LII	Spooner_WI	Washburn_WI	Wisconsin	USA	Ixodes-scapularis	Unknown	2008-06-01	CSU	Normandin et al.				
MA5-13-47_LII_Spooner_WI_USA_Ixodes-scapularis_Unknown_Unknown_2008-XX-XX	MA5-13-47		LII	Spooner_WI	Washburn_WI	Wisconsin	USA	Ixodes-scapularis	Unknown	2008-06-01	CSU	Normandin et al.				
MB5-12-73_LII_Spooner_WI_USA_Ixodes-scapularis_Unknown_Unknown_2008-XX-XX	MB5-12-73		LII	Spooner_WI	Washburn_WI	Wisconsin	USA	Ixodes-scapularis	Unknown	2008-06-01	CSU	Normandin et al.				
FB5-13-140_LII_Spooner_WI_USA_Ixodes-scapularis_Unknown_Unknown_2008-XX-XX	FB5-13-140		LII	Spooner_WI	Washburn_WI	Wisconsin	USA	Ixodes-scapularis	Unknown	2008-06-01	CSU	Normandin et al.				
FB5-13-1_LII_Spooner_WI_USA_Ixodes-scapularis_Unknown_Unknown_2008-XX-XX	FB5-13-1		LII	Spooner_WI	Washburn_WI	Wisconsin	USA	Ixodes-scapularis	Unknown	2008-06-01	CSU	Normandin et al.				
IPS001_LII_Ipswich_MA_USA_Ixodes-scapularis_Unknown_Unknown_1995-XX-XX	IPS001		LII	Ipswich_MA	Essex_MA	Massachusetts	USA	Ixodes-scapularis	Unknown	1995-06-01	CSU	Normandin et al.				
POW_CO-D_LII_Fort-Collins_CO_US_Dermacentor-andersoni_Unknown_Unknown_1952-05-XX	POW-CO-D		LII	Fort-Collins_CO	Larimer_CO	Colorado	USA	Dermacentor-andersoni	Unknown	1952-05-01	NYSDOH	Ciota et al.				
NY-cookei_LI_Philadelphia_NY_USA_Ixodes-cookei_F_Woodchuck_2020-03-06	NY-cookei		LI	Philadelphia_NY	Jefferson_NY	New-York	USA	Ixodes-cookei_F	Woodchuck	2020-03-06	NYSDOH	Ciota et al.				
PV001-P1734_LII_Bridgeport_CT_USA_Ixodes-scapularis_F_Drag_2014-10-29	P1734		LII	Bridgeport_CT	Fairfield_CT	Connecticut	USA	Ixodes-scapularis_F	Drag	2014-10-29	CAES	Unpublished				
PV002-P1735_LII_Bridgeport_CT_USA_Ixodes-scapularis_M_Drag_2014-10-29	P1735		LII	Bridgeport_CT	Fairfield_CT	Connecticut	USA	Ixodes-scapularis_M	Drag	2014-10-29	CAES	Unpublished				
PV003-P1663_LII_North-Branford_CT_USA_Ixodes-scapularis_F_Drag_2014-10-30	P1663		LII	North-Branford_CT	New-Haven_CT	Connecticut	USA	Ixodes-scapularis_F	Drag	2014-10-30	CAES	Unpublished				
PV004-P1665_LII_North-Branford_CT_USA_Ixodes-scapularis_F_Drag_2014-10-30	P1665		LII	North-Branford_CT	New-Haven_CT	Connecticut	USA	Ixodes-scapularis_F	Drag	2014-10-30	CAES	Unpublished				
PV005-P1666_LII_North-Branford_CT_USA_Ixodes-scapularis_M_Drag_2014-10-30	P1666		LII	North-Branford_CT	New-Haven_CT	Connecticut	USA	Ixodes-scapularis_M	Drag	2014-10-30	CAES	Unpublished				
PV006-P1677_LII_North-Branford_CT_USA_Ixodes-scapularis_F_Drag_2014-10-30	P1677		LII	North-Branford_CT	New-Haven_CT	Connecticut	USA	Ixodes-scapularis_F	Drag	2014-10-30	CAES	Unpublished				
PV007-P1384_LII_Bridgeport_CT_USA_Ixodes-scapularis_F_Drag_2014-05-02	P1384		LII	Bridgeport_CT	Fairfield_CT	Connecticut	USA	Ixodes-scapularis_F	Drag	2014-05-02	CAES	Unpublished				
PV008-P1429_LII_North-Branford_CT_USA_Ixodes-scapularis_N_Drag_2014-06-24	P1429		LII	North-Branford_CT	New-Haven_CT	Connecticut	USA	Ixodes-scapularis_N	Drag	2014-06-24	CAES	Unpublished				
PV009-P1742_LII_North-Branford_CT_USA_Ixodes-scapularis_F_Drag_2014-10-27	P1742		LII	North-Branford_CT	New-Haven_CT	Connecticut	USA	Ixodes-scapularis_F	Drag	2014-10-27	CAES	Unpublished				
PV010-P1783A_LII_North-Branford_CT_USA_Ixodes-scapularis_F_Drag_2014-10-30	P1783A		LII	North-Branford_CT	New-Haven_CT	Connecticut	USA	Ixodes-scapularis_F	Drag	2014-10-30	CAES	Unpublished				
PV011-P1774A_LII_North-Branford_CT_USA_Ixodes-scapularis_F_Drag_2014-10-28	P1774A		LII	North-Branford_CT	New-Haven_CT	Connecticut	USA	Ixodes-scapularis_F	Drag	2014-10-28	CAES	Unpublished				
PV012-P913_LII_Bridgeport_CT_USA_Ixodes-scapularis_N_Drag_2013-06-12	P913		LII	Bridgeport_CT	Fairfield_CT	Connecticut	USA	Ixodes-scapularis_N	Drag	2013-06-12	CAES	Unpublished				
PV013-P2552_LII_Bridgeport_CT_USA_Ixodes-scapularis_M_Drag_2015-10-22	P2552		LII	Bridgeport_CT	Fairfield_CT	Connecticut	USA	Ixodes-scapularis_M	Drag	2015-10-22	CAES	Unpublished				
PV014-8_LII_Redding_CT_USA_Ixodes-scapularis_F_Drag_2015-12-28	8		LII	Redding_CT	Fairfield_CT	Connecticut	USA	Ixodes-scapularis_F	Drag	2015-12-28	CAES	Unpublished				
PV015-67_LII_North-Branford_CT_USA_Ixodes-scapularis_F_Drag_2015-12-03	67		LII	North-Branford_CT	New-Haven_CT	Connecticut	USA	Ixodes-scapularis_F	Drag	2015-12-03	CAES	Unpublished				
PV016-32_LII_Redding_CT_USA_Ixodes-scapularis_F_Drag_2016-11-10	32		LII	Redding_CT	Fairfield_CT	Connecticut	USA	Ixodes-scapularis_F	Drag	2016-11-10	CAES	Unpublished				
PV017-45_LII_Lyme_CT_USA_Ixodes-scapularis_F_Drag_2016-11-28	45		LII	Lyme_CT	New-London_CT	Connecticut	USA	Ixodes-scapularis_F	Drag	2016-11-28	CAES	Unpublished				
PV018-50_LII_Lyme_CT_USA_Ixodes-scapularis_M_Drag_2016-11-28	50		LII	Lyme_CT	New-London_CT	Connecticut	USA	Ixodes-scapularis_M	Drag	2016-11-28	CAES	Unpublished				
PV019-52_LII_Lyme_CT_USA_Ixodes-scapularis_M_Drag_2016-11-28	52		LII	Lyme_CT	New-London_CT	Connecticut	USA	Ixodes-scapularis_M	Drag	2016-11-28	CAES	Unpublished				
PV020-53_LII_Lyme_CT_USA_Ixodes-scapularis_M_Drag_2016-11-28	53		LII	Lyme_CT	New-London_CT	Connecticut	USA	Ixodes-scapularis_M	Drag	2016-11-28	CAES	Unpublished				
PV021-55_LII_Lyme_CT_USA_Ixodes-scapularis_F_Drag_2016-11-28	55		LII	Lyme_CT	New-London_CT	Connecticut	USA	Ixodes-scapularis_F	Drag	2016-11-28	CAES	Unpublished				
PV022-62_LII_Lyme_CT_USA_Ixodes-scapularis_M_Drag_2016-11-16	62		LII	Lyme_CT	New-London_CT	Connecticut	USA	Ixodes-scapularis_M	Drag	2016-11-16	CAES	Unpublished				
PV023-93_LII_Lyme_CT_USA_Ixodes-scapularis_F_Drag_2016-11-07	93		LII	Lyme_CT	New-London_CT	Connecticut	USA	Ixodes-scapularis_F	Drag	2016-11-07	CAES	Unpublished				
PV024-95_LII_Lyme_CT_USA_Ixodes-scapularis_F_Drag_2016-11-07	95		LII	Lyme_CT	New-London_CT	Connecticut	USA	Ixodes-scapularis_F	Drag	2016-11-07	CAES	Unpublished				
PV025-98_LII_Lyme_CT_USA_Ixodes-scapularis_F_Drag_2016-11-07	98		LII	Lyme_CT	New-London_CT	Connecticut	USA	Ixodes-scapularis_F	Drag	2016-11-07	CAES	Unpublished				
PV026-101_LII_Lyme_CT_USA_Ixodes-scapularis_F_Drag_2016-11-07	101		LII	Lyme_CT	New-London_CT	Connecticut	USA	Ixodes-scapularis_F	Drag	2016-11-07	CAES	Unpublished				
PV027-114_LII_Lyme_CT_USA_Ixodes-scapularis_M_Drag_2016-11-01	114		LII	Lyme_CT	New-London_CT	Connecticut	USA	Ixodes-scapularis_M	Drag	2016-11-01	CAES	Unpublished				
PV028-116_LII_Lyme_CT_USA_Ixodes-scapularis_M_Drag_2016-11-01	116		LII	Lyme_CT	New-London_CT	Connecticut	USA	Ixodes-scapularis_M	Drag	2016-11-01	CAES	Unpublished				
PV029-118_LII_Lyme_CT_USA_Ixodes-scapularis_M_Drag_2016-11-01	118		LII	Lyme_CT	New-London_CT	Connecticut	USA	Ixodes-scapularis_M	Drag	2016-11-01	CAES	Unpublished				
PV030-122_LII_Lyme_CT_USA_Ixodes-scapularis_F_Drag_2016-11-01	122		LII	Lyme_CT	New-London_CT	Connecticut	USA	Ixodes-scapularis_F	Drag	2016-11-01	CAES	Unpublished				
PV031-124_LII_Lyme_CT_USA_Ixodes-scapularis_F_Drag_2016-11-01	124		LII	Lyme_CT	New-London_CT	Connecticut	USA	Ixodes-scapularis_F	Drag	2016-11-01	CAES	Unpublished				
PV032-125_LII_Lyme_CT_USA_Ixodes-scapularis_F_Drag_2016-11-01	125		LII	Lyme_CT	New-London_CT	Connecticut	USA	Ixodes-scapularis_F	Drag	2016-11-01	CAES	Unpublished				
PV033-126_LII_Lyme_CT_USA_Ixodes-scapularis_F_Drag_2016-11-01	126		LII	Lyme_CT	New-London_CT	Connecticut	USA	Ixodes-scapularis_F	Drag	2016-11-01	CAES	Unpublished				
PV034-P0375_LII_Bridgeport_CT_USA_Ixodes-scapularis_M_Drag_2010-11-01	P0375		LII	Bridgeport_CT	Fairfield_CT	Connecticut	USA	Ixodes-scapularis_M	Drag	2010-11-01	CAES	Unpublished				
PV035-P0183_LII_Bridgeport_CT_USA_Ixodes-scapularis_F_Drag_2008-11-01	P0183		LII	Bridgeport_CT	Fairfield_CT	Connecticut	USA	Ixodes-scapularis_F	Drag	2008-11-01	CAES	Unpublished				
PV036-P0096_LII_Bridgeport_CT_USA_Ixodes-scapularis_F_Drag_2008-11-01	P0096		LII	Bridgeport_CT	Fairfield_CT	Connecticut	USA	Ixodes-scapularis_F	Drag	2008-11-01	CAES	Unpublished				
PV037-P0494_LII_Bridgeport_CT_USA_Ixodes-scapularis_F_Drag_2010-11-02	P0494		LII	Bridgeport_CT	Fairfield_CT	Connecticut	USA	Ixodes-scapularis_F	Drag	2010-11-02	CAES	Unpublished				
PV038-P0525_LII_North-Branford_CT_USA_Ixodes-scapularis_F_Drag_2010-10-29	P0525		LII	North-Branford_CT	New-Haven_CT	Connecticut	USA	Ixodes-scapularis_F	Drag	2010-10-29	CAES	Unpublished				
PV039-P0526_LII_North-Branford_CT_USA_Ixodes-scapularis_F_Drag_2010-10-29	P0526		LII	North-Branford_CT	New-Haven_CT	Connecticut	USA	Ixodes-scapularis_F	Drag	2010-10-29	CAES	Unpublished				
PV040-P0618_LII_North-Branford_CT_USA_Ixodes-scapularis_F_Drag_2010-10-29	P0618		LII	North-Branford_CT	New-Haven_CT	Connecticut	USA	Ixodes-scapularis_F	Drag	2010-10-29	CAES	Unpublished				
PV041-P0621_LII_North-Branford_CT_USA_Ixodes-scapularis_F_Drag_2010-10-29	P0621		LII	North-Branford_CT	New-Haven_CT	Connecticut	USA	Ixodes-scapularis_F	Drag	2010-10-29	CAES	Unpublished				
PV042-P0629_LII_North-Branford_CT_USA_Ixodes-scapularis_M_Drag_2010-10-29	P0629		LII	North-Branford_CT	New-Haven_CT	Connecticut	USA	Ixodes-scapularis_M	Drag	2010-10-29	CAES	Unpublished				
PV043-P1697_LII_Bridgeport_CT_USA_Ixodes-scapularis_F_Drag_2011-11-09	P1697		LII	Bridgeport_CT	Fairfield_CT	Connecticut	USA	Ixodes-scapularis_F	Drag	2011-11-09	CAES	Unpublished				
PV044-Ar-218-78_LI_Old-Lyme_CT_USA_Ixodes-cookei_Unknown_Unknown_1978-10-07	Ar-218-78		LI	Old-Lyme_CT	New-London_CT	Connecticut	USA	Ixodes-cookei	Unknown	1978-10-07	CAES	Unpublished				
PV045-P0690_LII_North-Branford_CT_USA_Ixodes-scapularis_M_Drag_2011-04-26	P0690		LII	North-Branford_CT	New-Haven_CT	Connecticut	USA	Ixodes-scapularis_M	Drag	2011-04-26	CAES	Unpublished				
PV046-P0681_LII_North-Branford_CT_USA_Ixodes-scapularis_M_Drag_2011-04-26	P0681		LII	North-Branford_CT	New-Haven_CT	Connecticut	USA	Ixodes-scapularis_M	Drag	2011-04-26	CAES	Unpublished				
PV047-P0785_LII_North-Branford_CT_USA_Ixodes-scapularis_M_Drag_2011-05-09	P0785		LII	North-Branford_CT	New-Haven_CT	Connecticut	USA	Ixodes-scapularis_M	Drag	2011-05-09	CAES	Unpublished				
PV048-P0751_LII_Bridgeport_CT_USA_Ixodes-scapularis_F_Drag_2011-04-27	P0751		LII	Bridgeport_CT	Fairfield_CT	Connecticut	USA	Ixodes-scapularis_F	Drag	2011-04-27	CAES	Unpublished				
PV049-P0760_LII_Bridgeport_CT_USA_Ixodes-scapularis_M_Drag_2011-04-27	P0760		LII	Bridgeport_CT	Fairfield_CT	Connecticut	USA	Ixodes-scapularis_M	Drag	2011-04-27	CAES	Unpublished				
PV050-P0795_LII_North-Branford_CT_USA_Ixodes-scapularis_F_Drag_2011-05-09	P0795		LII	North-Branford_CT	New-Haven_CT	Connecticut	USA	Ixodes-scapularis_F	Drag	2011-05-09	CAES	Unpublished				
PV051-P0933_LII_North-Branford_CT_USA_Ixodes-scapularis_F_Drag_2011-10-21	P0933		LII	North-Branford_CT	New-Haven_CT	Connecticut	USA	Ixodes-scapularis_F	Drag	2011-10-21	CAES	Unpublished				
PV052-P1113_LII_Bridgeport_CT_USA_Ixodes-scapularis_M_Drag_2011-10-18	P1113		LII	Bridgeport_CT	Fairfield_CT	Connecticut	USA	Ixodes-scapularis_M	Drag	2011-10-18	CAES	Unpublished				
PV053-P1104_LII_Bridgeport_CT_USA_Ixodes-scapularis_M_Drag_2011-10-18	P1104		LII	Bridgeport_CT	Fairfield_CT	Connecticut	USA	Ixodes-scapularis_M	Drag	2011-10-18	CAES	Unpublished				
PV054-P1109_LII_Bridgeport_CT_USA_Ixodes-scapularis_F_Drag_2011-10-18	P1109		LII	Bridgeport_CT	Fairfield_CT	Connecticut	USA	Ixodes-scapularis_F	Drag	2011-10-18	CAES	Unpublished				
PV055-P1112_LII_Bridgeport_CT_USA_Ixodes-scapularis_F_Drag_2011-10-18	P1112		LII	Bridgeport_CT	Fairfield_CT	Connecticut	USA	Ixodes-scapularis_F	Drag	2011-10-18	CAES	Unpublished				
PV056-P1114_LII_Bridgeport_CT_USA_Ixodes-scapularis_M_Drag_2011-10-18	P1114		LII	Bridgeport_CT	Fairfield_CT	Connecticut	USA	Ixodes-scapularis_M	Drag	2011-10-18	CAES	Unpublished				
PV057-P1107_LII_Bridgeport_CT_USA_Ixodes-scapularis_F_Drag_2011-10-18	P1107		LII	Bridgeport_CT	Fairfield_CT	Connecticut	USA	Ixodes-scapularis_F	Drag	2011-10-18	CAES	Unpublished				
PV058-P1241_LII_Bridgeport_CT_USA_Ixodes-scapularis_F_Drag_2011-10-28	P1241		LII	Bridgeport_CT	Fairfield_CT	Connecticut	USA	Ixodes-scapularis_F	Drag	2011-10-28	CAES	Unpublished				
PV059-P1514_LII_Bridgeport_CT_USA_Ixodes-scapularis_M_Drag_2011-10-25	P1514		LII	Bridgeport_CT	Fairfield_CT	Connecticut	USA	Ixodes-scapularis_M	Drag	2011-10-25	CAES	Unpublished				
PV060-P1518_LII_Bridgeport_CT_USA_Ixodes-scapularis_F_Drag_2011-10-25	P1518		LII	Bridgeport_CT	Fairfield_CT	Connecticut	USA	Ixodes-scapularis_F	Drag	2011-10-25	CAES	Unpublished				
PV061-P1730_LII_Bridgeport_CT_USA_Ixodes-scapularis_F_Drag_2011-11-09	P1730		LII	Bridgeport_CT	Fairfield_CT	Connecticut	USA	Ixodes-scapularis_F	Drag	2011-11-09	CAES	Unpublished				
PV062-P1753_LII_Bridgeport_CT_USA_Ixodes-scapularis_M_Drag_2011-11-09	P1753		LII	Bridgeport_CT	Fairfield_CT	Connecticut	USA	Ixodes-scapularis_M	Drag	2011-11-09	CAES	Unpublished				
PV063-P1912_LII_Bridgeport_CT_USA_Ixodes-scapularis_M_Drag_2012-04-05	P1912		LII	Bridgeport_CT	Fairfield_CT	Connecticut	USA	Ixodes-scapularis_M	Drag	2012-04-05	CAES	Unpublished				
PV064-P1933_LII_Bridgeport_CT_USA_Ixodes-scapularis_F_Drag_2012-04-05	P1933		LII	Bridgeport_CT	Fairfield_CT	Connecticut	USA	Ixodes-scapularis_F	Drag	2012-04-05	CAES	Unpublished				
PV065-P1930_LII_Bridgeport_CT_USA_Ixodes-scapularis_F_Drag_2012-04-05	P1930		LII	Bridgeport_CT	Fairfield_CT	Connecticut	USA	Ixodes-scapularis_F	Drag	2012-04-05	CAES	Unpublished				
PV066-P1184_LII_North-Branford_CT_USA_Ixodes-scapularis_N_Drag_2014-05-29	P1184		LII	North-Branford_CT	New-Haven_CT	Connecticut	USA	Ixodes-scapularis_N	Drag	2014-05-29	CAES	Unpublished				
PV067-P1290_LII_North-Branford_CT_USA_Ixodes-scapularis_Mix_Drag_2014-05-29	P1290		LII	North-Branford_CT	New-Haven_CT	Connecticut	USA	Ixodes-scapularis_Mix	Drag	2014-05-29	CAES	Unpublished				
PV068-P1295_LII_North-Branford_CT_USA_Ixodes-scapularis_Mix_Drag_2014-05-14	P1295		LII	North-Branford_CT	New-Haven_CT	Connecticut	USA	Ixodes-scapularis_Mix	Drag	2014-05-14	CAES	Unpublished				
PV069-165_LII_Redding_CT_USA_Ixodes-scapularis_M_Drag_2016-11-10	165		LII	Redding_CT	Fairfield_CT	Connecticut	USA	Ixodes-scapularis_M	Drag	2016-11-10	CAES	Unpublished				
PV070-188_LII_North-Branford_CT_USA_Ixodes-scapularis_F_Drag_2016-12-06	188		LII	North-Branford_CT	New-Haven_CT	Connecticut	USA	Ixodes-scapularis_F	Drag	2016-12-06	CAES	Unpublished				
PV071-219_LII_Redding_CT_USA_Ixodes-scapularis_M_Drag_2016-11-14	219		LII	Redding_CT	Fairfield_CT	Connecticut	USA	Ixodes-scapularis_M	Drag	2016-11-14	CAES	Unpublished				
PV072-228_LII_Redding_CT_USA_Ixodes-scapularis_M_Drag_2016-11-14	228		LII	Redding_CT	Fairfield_CT	Connecticut	USA	Ixodes-scapularis_M	Drag	2016-11-14	CAES	Unpublished				
PV073-237_LII_Redding_CT_USA_Ixodes-scapularis_F_Drag_2016-11-14	237		LII	Redding_CT	Fairfield_CT	Connecticut	USA	Ixodes-scapularis_F	Drag	2016-11-14	CAES	Unpublished				
PV074-3338_LII_Groton_CT_USA_Ixodes-scapularis_F_Drag_2016-11-02	3338		LII	Groton_CT	New-London_CT	Connecticut	USA	Ixodes-scapularis_F	Drag	2016-11-02	CAES	Unpublished				
PV075-3381_LII_Groton_CT_USA_Ixodes-scapularis_F_Drag_2016-11-02	3381		LII	Groton_CT	New-London_CT	Connecticut	USA	Ixodes-scapularis_F	Drag	2016-11-02	CAES	Unpublished				
PV076-3464_LII_Groton_CT_USA_Ixodes-scapularis_F_Drag_2016-11-02	3464		LII	Groton_CT	New-London_CT	Connecticut	USA	Ixodes-scapularis_F	Drag	2016-11-02	CAES	Unpublished				
PV077-3569_LII_North-Branford_CT_USA_Ixodes-scapularis_F_Drag_2016-10-17	3569		LII	North-Branford_CT	New-Haven_CT	Connecticut	USA	Ixodes-scapularis_F	Drag	2016-10-17	CAES	Unpublished				
PV078-3591_LII_North-Branford_CT_USA_Ixodes-scapularis_M_Drag_2016-10-20	3591		LII	North-Branford_CT	New-Haven_CT	Connecticut	USA	Ixodes-scapularis_M	Drag	2016-10-20	CAES	Unpublished				
PV080-160_LII_North-Branford_CT_USA_Ixodes-scapularis_Unknown_Drag_2016-12-01	160		LII	North-Branford_CT	New-Haven_CT	Connecticut	USA	Ixodes-scapularis	Drag	2016-12-01	CAES	Unpublished				
PV081.2-H11_LII_Cape-Elizabeth_ME_USA_Ixodes-scapularis_M_Drag_2016-04-08	H11		LII	Cape-Elizabeth_ME	Cumberland_ME	Maine	USA	Ixodes-scapularis_M	Drag	2016-04-08	MMCRI	Unpublished				
PV083-242_LII_Cape-Elizabeth_ME_USA_Ixodes-scapularis_N_Drag_2016-06-13	242		LII	Cape-Elizabeth_ME	Cumberland_ME	Maine	USA	Ixodes-scapularis_N	Drag	2016-06-13	MMCRI	Unpublished				
PV084-612_LII_Wells_ME_USA_Ixodes-scapularis_F_Drag_2016-10-07	612		LII	Wells_ME	York_ME	Maine	USA	Ixodes-scapularis_F	Drag	2016-10-07	MMCRI	Unpublished				
PV085-632_LII_Wells_ME_USA_Ixodes-scapularis_F_Drag_2016-10-07	632		LII	Wells_ME	York_ME	Maine	USA	Ixodes-scapularis_F	Drag	2016-10-07	MMCRI	Unpublished				
PV086-687_LII_Midcoast_ME_USA_Ixodes-scapularis_F_Drag_2016-10-14	687		LII	Rockland_ME	Knox_ME	Maine	USA	Ixodes-scapularis_F	Drag	2016-10-14	MMCRI	Unpublished				
PV087-946_LII_Cape-Elizabeth_ME_USA_Ixodes-scapularis_M_Drag_2016-10-06	946		LII	Cape-Elizabeth_ME	Cumberland_ME	Maine	USA	Ixodes-scapularis_M	Drag	2016-10-06	MMCRI	Unpublished				
PV088-963_LII_Wells_ME_USA_Ixodes-scapularis_M_Drag_2016-11-07	963		LII	Wells_ME	York_ME	Maine	USA	Ixodes-scapularis_M	Drag	2016-11-07	MMCRI	Unpublished				
PV089-1003_LII_Wells_ME_USA_Ixodes-scapularis_F_Drag_2016-11-07	1003		LII	Wells_ME	York_ME	Maine	USA	Ixodes-scapularis_F	Drag	2016-11-07	MMCRI	Unpublished				
PV090-1135_LII_Wells_ME_USA_Ixodes-scapularis_M_Drag_2016-11-09	1135		LII	Wells_ME	York_ME	Maine	USA	Ixodes-scapularis_M	Drag	2016-11-09	MMCRI	Unpublished				
PV091-1141_LII_Wells_ME_USA_Ixodes-scapularis_M_Drag_2016-11-09	1141		LII	Wells_ME	York_ME	Maine	USA	Ixodes-scapularis_M	Drag	2016-11-09	MMCRI	Unpublished				
PV092.2-1217_LII_Cape-Elizabeth_ME_USA_Ixodes-scapularis_F_Drag_2016-11-18	1217		LII	Cape-Elizabeth_ME	Cumberland_ME	Maine	USA	Ixodes-scapularis_F	Drag	2016-11-18	MMCRI	Unpublished				
PV093-1331_LII_Standish_ME_USA_Ixodes-scapularis_M_Drag_2016-11-17	1331		LII	Standish_ME	Cumberland_ME	Maine	USA	Ixodes-scapularis_M	Drag	2016-11-17	MMCRI	Unpublished				
PV094-1341_LII_Standish_ME_USA_Ixodes-scapularis_M_Drag_2016-11-17	1341		LII	Standish_ME	Cumberland_ME	Maine	USA	Ixodes-scapularis_M	Drag	2016-11-17	MMCRI	Unpublished				
PV096-CO18_LII_Cape-Elizabeth_ME_USA_Ixodes-scapularis_M_Drag_2017-11-15	CO18		LII	Cape-Elizabeth_ME	Cumberland_ME	Maine	USA	Ixodes-scapularis_M	Drag	2017-11-15	MMCRI	Unpublished				
PV097.2-CO46_LII_Cape-Elizabeth_ME_USA_Ixodes-scapularis_F_Drag_2017-11-15	CO46		LII	Cape-Elizabeth_ME	Cumberland_ME	Maine	USA	Ixodes-scapularis_F	Drag	2017-11-15	MMCRI	Unpublished				
PV098-CO57_LII_Cape-Elizabeth_ME_USA_Ixodes-scapularis_F_Drag_2017-11-15	CO57		LII	Cape-Elizabeth_ME	Cumberland_ME	Maine	USA	Ixodes-scapularis_F	Drag	2017-11-15	MMCRI	Unpublished				
PV099.2-CO68_LII_Cape-Elizabeth_ME_USA_Ixodes-scapularis_F_Drag_2017-11-15	CO68		LII	Cape-Elizabeth_ME	Cumberland_ME	Maine	USA	Ixodes-scapularis_F	Drag	2017-11-15	MMCRI	Unpublished				
PV100.2-CO95_LII_Cape-Elizabeth_ME_USA_Ixodes-scapularis_M_Drag_2017-11-15	CO95		LII	Cape-Elizabeth_ME	Cumberland_ME	Maine	USA	Ixodes-scapularis_M	Drag	2017-11-15	MMCRI	Unpublished				
PV101.2-CO110_LII_Cape-Elizabeth_ME_USA_Ixodes-scapularis_F_Drag_2017-11-15	CO110		LII	Cape-Elizabeth_ME	Cumberland_ME	Maine	USA	Ixodes-scapularis_F	Drag	2017-11-15	MMCRI	Unpublished				
PV102-CO166_LII_Cape-Elizabeth_ME_USA_Ixodes-scapularis_F_Drag_2017-11-15	CO166		LII	Cape-Elizabeth_ME	Cumberland_ME	Maine	USA	Ixodes-scapularis_F	Drag	2017-11-15	MMCRI	Unpublished				
PV103-CO527_LII_Cape-Elizabeth_ME_USA_Ixodes-scapularis_M_Drag_2017-11-15	CO527		LII	Cape-Elizabeth_ME	Cumberland_ME	Maine	USA	Ixodes-scapularis_M	Drag	2017-11-15	MMCRI	Unpublished				
PV104.2-CO542_LII_Cape-Elizabeth_ME_USA_Ixodes-scapularis_F_Drag_2017-11-15	CO542		LII	Cape-Elizabeth_ME	Cumberland_ME	Maine	USA	Ixodes-scapularis_F	Drag	2017-11-15	MMCRI	Unpublished				
PV105-CO570_LII_Cape-Elizabeth_ME_USA_Ixodes-scapularis_M_Drag_2017-11-07	CO570		LII	Cape-Elizabeth_ME	Cumberland_ME	Maine	USA	Ixodes-scapularis_M	Drag	2017-11-07	MMCRI	Unpublished				
PV106-CO574_LII_Cape-Elizabeth_ME_USA_Ixodes-scapularis_M_Drag_2017-11-07	CO574		LII	Cape-Elizabeth_ME	Cumberland_ME	Maine	USA	Ixodes-scapularis_M	Drag	2017-11-07	MMCRI	Unpublished				
PV108.2-CO239_LII_Wells_ME_USA_Ixodes-scapularis_M_Drag_2017-11-15	CO239		LII	Wells_ME	York_ME	Maine	USA	Ixodes-scapularis_M	Drag	2017-11-15	MMCRI	Unpublished				
PV109-CO452_LII_Wells_ME_USA_Ixodes-scapularis_F_Drag_2017-11-15	CO452		LII	Wells_ME	York_ME	Maine	USA	Ixodes-scapularis_F	Drag	2017-11-15	MMCRI	Unpublished				
PV111-69_LII_Westport_CT_USA_Ixodes-scapularis_F_Drag_2019-04-09	69		LII	Westport_CT	Fairfield_CT	Connecticut	USA	Ixodes-scapularis_F	Drag	2019-04-09	CAES	Unpublished				
PV112-140_LII_Lyme_CT_USA_Ixodes-scapularis_F_Drag_2019-04-17	140		LII	Lyme_CT	New-London_CT	Connecticut	USA	Ixodes-scapularis_F	Drag	2019-04-17	CAES	Unpublished				
PV113-364_LII_Westport_CT_USA_Ixodes-scapularis_F_Drag_2019-05-07	364		LII	Westport_CT	Fairfield_CT	Connecticut	USA	Ixodes-scapularis_F	Drag	2019-05-07	CAES	Unpublished				
PV114-375_LII_North-Branford_CT_USA_Ixodes-scapularis_F_Drag_2019-05-08	375		LII	North-Branford_CT	New-Haven_CT	Connecticut	USA	Ixodes-scapularis_F	Drag	2019-05-08	CAES	Unpublished				
PV116-18079-121_LII_Brewster_NY_USA_Ixodes-scapularis_M_Drag_2018-10-24	18079-121		LII	Brewster_NY	Putnam_NY	New-York	USA	Ixodes-scapularis_M	Drag	2018-10-24	NYSDOH	Unpublished				
PV117-18087-108_LII_Montebello_NY_USA_Ixodes-scapularis_F_Drag_2018-10-26	18087-108		LII	Montebello_NY	Rockland_NY	New-York	USA	Ixodes-scapularis_F	Drag	2018-10-26	NYSDOH	Unpublished				
PV118-18087-113_LII_Montebello_NY_USA_Ixodes-scapularis_M_Drag_2018-10-26	18087-113		LII	Montebello_NY	Rockland_NY	New-York	USA	Ixodes-scapularis_M	Drag	2018-10-26	NYSDOH	Unpublished				
PV119-18119-217_LII_Mohansic_NY_USA_Ixodes-scapularis_M_Drag_2018-10-22	18119-217		LII	Mohansic_NY	Westchester_NY	New-York	USA	Ixodes-scapularis_M	Drag	2018-10-22	NYSDOH	Unpublished				
PV120-18119-218_LII_Mohansic_NY_USA_Ixodes-scapularis_M_Drag_2018-10-22	18119-218		LII	Mohansic_NY	Westchester_NY	New-York	USA	Ixodes-scapularis_M	Drag	2018-10-22	NYSDOH	Unpublished				
PV121-18119-219_LII_Mohansic_NY_USA_Ixodes-scapularis_M_Drag_2018-10-22	18119-219		LII	Mohansic_NY	Westchester_NY	New-York	USA	Ixodes-scapularis_M	Drag	2018-10-22	NYSDOH	Unpublished				
PV122-18119-228_LII_Armonk_NY_USA_Ixodes-scapularis_M_Drag_2018-10-31	18119-228		LII	Armonk_NY	Westchester_NY	New-York	USA	Ixodes-scapularis_M	Drag	2018-10-31	NYSDOH	Unpublished				
PV123-17091-200_LII_Saratoga-Springs_NY_USA_Ixodes-scapularis_N_Drag_2017-07-20	17091-200		LII	Saratoga-Springs_NY	Saratoga_NY	New-York	USA	Ixodes-scapularis_N	Drag	2017-07-20	NYSDOH	Unpublished				
PV124-17119-057_LII_Armonk_NY_USA_Ixodes-scapularis_N_Drag_2017-06-13	17119-057		LII	Armonk_NY	Westchester_NY	New-York	USA	Ixodes-scapularis_N	Drag	2017-06-13	NYSDOH	Unpublished				
PV125-17119-059_LII_Armonk_NY_USA_Ixodes-scapularis_N_Drag_2017-06-13	17119-059		LII	Armonk_NY	Westchester_NY	New-York	USA	Ixodes-scapularis_N	Drag	2017-06-13	NYSDOH	Unpublished				
PV127-17091-230_LII_Stillwater_NY_USA_Ixodes-scapularis_N_Drag_2017-07-21	17091-230		LII	Stillwater_NY	Saratoga_NY	New-York	USA	Ixodes-scapularis_N	Drag	2017-07-21	NYSDOH	Unpublished				
PV128-17091-144_LII_Malta_NY_USA_Ixodes-scapularis_F_Drag_2017-07-05	17091-144		LII	Malta_NY	Saratoga_NY	New-York	USA	Ixodes-scapularis_F	Drag	2017-07-05	NYSDOH	Unpublished				
PV129-18095-057_LII_Blenheim_NY_USA_Ixodes-scapularis_F_Drag_2018-06-15	18095-057		LII	Blenheim_NY	Schoharie_NY	New-York	USA	Ixodes-scapularis_F	Drag	2018-06-15	NYSDOH	Unpublished				
PV130-18021-061_LII_Clermont_NY_USA_Ixodes-scapularis_F_Drag_2018-05-24	18021-061		LII	Clermont_NY	Columbia_NY	New-York	USA	Ixodes-scapularis_F	Drag	2018-05-24	NYSDOH	Unpublished				
PV131-18021-063_LII_Clermont_NY_USA_Ixodes-scapularis_F_Drag_2018-05-24	18021-063		LII	Clermont_NY	Columbia_NY	New-York	USA	Ixodes-scapularis_F	Drag	2018-05-24	NYSDOH	Unpublished				
PV132-17119-2-009_LII_Redding_CT_USA_Ixodes-scapularis_M_Deer_2017-10-28	17119-2-009		LII	Unknown_CT	NA	Connecticut	USA	Ixodes-scapularis_M	Deer	2017-10-28	NYSDOH	Unpublished				
PV133-17021-480_LII_Clermont_NY_USA_Ixodes-scapularis_F_Drag_2017-11-01	17021-480		LII	Clermont_NY	Columbia_NY	New-York	USA	Ixodes-scapularis_F	Drag	2017-11-01	NYSDOH	Unpublished				
PV134-17091-236_LII_Greenfield_NY_USA_Ixodes-scapularis_N_Drag_2017-07-20	17091-236		LII	Greenfield_NY	Saratoga_NY	New-York	USA	Ixodes-scapularis_N	Drag	2017-07-20	NYSDOH	Unpublished				
PV135-17021-482_LII_Clermont_NY_USA_Ixodes-scapularis_F_Drag_2017-11-01	17021-482		LII	Clermont_NY	Columbia_NY	New-York	USA	Ixodes-scapularis_F	Drag	2017-11-01	NYSDOH	Unpublished				
PV136-18039-055_LII_Cairo_NY_USA_Ixodes-scapularis_L_Drag_2018-05-31	18039-055		LII	Cairo_NY	Greene_NY	New-York	USA	Ixodes-scapularis_L	Drag	2018-05-31	NYSDOH	Unpublished				
PV137-16021-172_LII_Greenport_NY_USA_Ixodes-scapularis_M_Drag_2016-10-21	16021-172		LII	Greenport_NY	Columbia_NY	New-York	USA	Ixodes-scapularis_M	Drag	2016-10-21	NYSDOH	Unpublished				
PV138-15-S22-01_LII_Shelter-Island_NY_USA_Ixodes-scapularis_F_Deer_2016-01-07	15-S22-01		LII	Shelter-Island_NY	Suffolk_NY	New-York	USA	Ixodes-scapularis_F	Deer	2016-01-07	NYSDOH	Unpublished				
PV139-15071-117_LII_Wallkill_NY_USA_Ixodes-scapularis_M_Drag_2015-10-21	15071-117		LII	Wallkill_NY	Orange_NY	New-York	USA	Ixodes-scapularis_M	Drag	2015-10-21	NYSDOH	Unpublished				
PV141-17091-11-006_LII_Stillwater_NY_USA_Ixodes-scapularis_M_Deer_2017-11-18	17091-11-006		LII	Stillwater_NY	Saratoga_NY	New-York	USA	Ixodes-scapularis_M	Deer	2017-11-18	NYSDOH	Unpublished				
PV142-17091-23-001_LII_Saratoga_NY_USA_Ixodes-scapularis_M_Deer_2017-11-18	17091-23-001		LII	Saratoga_NY	Saratoga_NY	New-York	USA	Ixodes-scapularis_M	Deer	2017-11-18	NYSDOH	Unpublished				
PV143-17119-131_LII_Armonk_NY_USA_Ixodes-scapularis_M_Drag_2017-10-25	17119-131		LII	Armonk_NY	Westchester_NY	New-York	USA	Ixodes-scapularis_M	Drag	2017-10-25	NYSDOH	Unpublished				
PV144-17091-27-001_LII_Clifton-Park_NY_USA_Ixodes-scapularis_M_Deer_2017-11-19	17091-27-001		LII	Clifton-Park_NY	Saratoga_NY	New-York	USA	Ixodes-scapularis_M	Deer	2017-11-19	NYSDOH	Unpublished				
PV145-17091-11-002_LII_Stillwater_NY_USA_Ixodes-scapularis_M_Deer_2017-11-18	17091-11-002		LII	Stillwater_NY	Saratoga_NY	New-York	USA	Ixodes-scapularis_M	Deer	2017-11-18	NYSDOH	Unpublished				
PV146-17027-241_LII_Holmes_NY_USA_Ixodes-scapularis_M_Drag_2017-10-23	17027-241		LII	Holmes_NY	Dutchess_NY	New-York	USA	Ixodes-scapularis_M	Drag	2017-10-23	NYSDOH	Unpublished				
PV147-17119-27-001_LII_Somers_NY_USA_Ixodes-scapularis_M_Deer_2017-11-08	17119-27-001		LII	Somers_NY	Westchester_NY	New-York	USA	Ixodes-scapularis_M	Deer	2017-11-08	NYSDOH	Unpublished				
PV148-17079-117_LII_Brewster_NY_USA_Ixodes-scapularis_M_Drag_2017-10-16	17079-117		LII	Brewster_NY	Putnam_NY	New-York	USA	Ixodes-scapularis_M	Drag	2017-10-16	NYSDOH	Unpublished				
PV149-17103-304_LII_Islip_NY_USA_Ixodes-scapularis_M_Drag_2017-05-08	17103-304		LII	Islip_NY	Suffolk_NY	New-York	USA	Ixodes-scapularis_M	Drag	2017-05-08	NYSDOH	Unpublished				
PV150-17103-254_LII_Huntington_NY_USA_Ixodes-scapularis_F_Drag_2017-05-12	17103-254		LII	Huntington_NY	Suffolk_NY	New-York	USA	Ixodes-scapularis_F	Drag	2017-05-12	NYSDOH	Unpublished				
PV151-17119-18-001_LII_Pound-Ridge_NY_USA_Ixodes-scapularis_M_Deer_2017-10-28	17119-18-001		LII	Pound-Ridge_NY	Westchester_NY	New-York	USA	Ixodes-scapularis_M	Deer	2017-10-28	NYSDOH	Unpublished				
PV152-12021-250_LII_Clermont_NY_USA_Ixodes-scapularis_M_Drag_2012-11-16	12021-250		LII	Clermont_NY	Columbia_NY	New-York	USA	Ixodes-scapularis_M	Drag	2012-11-16	NYSDOH	Unpublished				
PV153-14CD06-001_LII_Ancram_NY_USA_Ixodes-scapularis_M_Deer_2014-11-15	14CD06-001		LII	Ancram_NY	Columbia_NY	New-York	USA	Ixodes-scapularis_M	Deer	2014-11-15	NYSDOH	Unpublished				
PV154-14CD13-002_LII_Copake_NY_USA_Ixodes-scapularis_M_Deer_2014-11-15	14CD13-002		LII	Copake_NY	Columbia_NY	New-York	USA	Ixodes-scapularis_M	Deer	2014-11-15	NYSDOH	Unpublished				
PV155-14CD34-002_LII_North-Hoosick_NY_USA_Ixodes-scapularis_M_Deer_2014-11-16	14CD34-002		LII	North-Hoosick_NY	Rensselaer_NY	New-York	USA	Ixodes-scapularis_M	Deer	2014-11-16	NYSDOH	Unpublished				
PV156-14071-112_LII_Wallkill_NY_USA_Ixodes-scapularis_M_Drag_2014-10-28	14071-112		LII	Wallkill_NY	Orange_NY	New-York	USA	Ixodes-scapularis_M	Drag	2014-10-28	NYSDOH	Unpublished				
PV157-14071-113_LII_Wallkill_NY_USA_Ixodes-scapularis_M_Drag_2014-10-28	14071-113		LII	Wallkill_NY	Orange_NY	New-York	USA	Ixodes-scapularis_M	Drag	2014-10-28	NYSDOH	Unpublished				
PV158-14071-118_LII_Wallkill_NY_USA_Ixodes-scapularis_F_Drag_2014-10-28	14071-118		LII	Wallkill_NY	Orange_NY	New-York	USA	Ixodes-scapularis_F	Drag	2014-10-28	NYSDOH	Unpublished				
PV159-14071-119_LII_Wallkill_NY_USA_Ixodes-scapularis_F_Drag_2014-10-28	14071-119		LII	Wallkill_NY	Orange_NY	New-York	USA	Ixodes-scapularis_F	Drag	2014-10-28	NYSDOH	Unpublished				
PV160-14103-145_LII_Islip_NY_USA_Ixodes-scapularis_M_Drag_2014-11-10	14103-145		LII	Islip_NY	Suffolk_NY	New-York	USA	Ixodes-scapularis_M	Drag	2014-11-10	NYSDOH	Unpublished				
PV161-15CD01-001_LII_East-Taghkanic_NY_USA_Ixodes-scapularis_M_Deer_2015-11-21	15CD01-001		LII	East-Taghkanic_NY	Columbia_NY	New-York	USA	Ixodes-scapularis_M	Deer	2015-11-21	NYSDOH	Unpublished				
PV162-15CD15-001_LII_Ancramdale_NY_USA_Ixodes-scapularis_M_Deer_2015-11-21	15CD15-001		LII	Ancramdale_NY	Columbia_NY	New-York	USA	Ixodes-scapularis_M	Deer	2015-11-21	NYSDOH	Unpublished				
PV163-15CD31-001_LII_Copake_NY_USA_Ixodes-scapularis_M_Deer_2015-11-22	15CD31-001		LII	Copake_NY	Columbia_NY	New-York	USA	Ixodes-scapularis_M	Deer	2015-11-22	NYSDOH	Unpublished				
PV164-15CD59-002_LII_Poestenkill_NY_USA_Ixodes-scapularis_M_Deer_2015-11-22	15CD59-002		LII	Poestenkill_NY	Rensselaer_NY	New-York	USA	Ixodes-scapularis_M	Deer	2015-11-22	NYSDOH	Unpublished				
PV165-12021-240_LII_Clermont_NY_USA_Ixodes-scapularis_F_Drag_2012-11-16	12021-240		LII	Clermont_NY	Columbia_NY	New-York	USA	Ixodes-scapularis_F	Drag	2012-11-16	NYSDOH	Unpublished				
PV166-18103-2025_LII_Huntington_NY_USA_Ixodes-scapularis_F_Drag_2018-11-19	18103-2025		LII	Huntington_NY	Suffolk_NY	New-York	USA	Ixodes-scapularis_F	Drag	2018-11-19	NYSDOH	Unpublished				
PV167-18103-1656_LII_East-Hampton_NY_USA_Ixodes-scapularis_F_Drag_2018-10-23	18103-1656		LII	East-Hampton_NY	Suffolk_NY	New-York	USA	Ixodes-scapularis_F	Drag	2018-10-23	NYSDOH	Unpublished				
PV168-18103-1536_LII_Islip_NY_USA_Ixodes-scapularis_F_Drag_2018-10-19	18103-1536		LII	Islip_NY	Suffolk_NY	New-York	USA	Ixodes-scapularis_F	Drag	2018-10-19	NYSDOH	Unpublished				
PV169-19001-410_LII_Guilderland_NY_USA_Ixodes-scapularis_F_Drag_2019-04-17	19001-410		LII	Guilderland_NY	Albany_NY	New-York	USA	Ixodes-scapularis_F	Drag	2019-04-17	NYSDOH	Unpublished				
PV170-19001-415_LII_Guilderland_NY_USA_Ixodes-scapularis_F_Drag_2019-04-17	19001-415		LII	Guilderland_NY	Albany_NY	New-York	USA	Ixodes-scapularis_F	Drag	2019-04-17	NYSDOH	Unpublished				
PV171-19001-427_LII_Guilderland_NY_USA_Ixodes-scapularis_F_Drag_2019-04-17	19001-427		LII	Guilderland_NY	Albany_NY	New-York	USA	Ixodes-scapularis_F	Drag	2019-04-17	NYSDOH	Unpublished				
PV172-19001-589_LII_Guilderland_NY_USA_Ixodes-scapularis_F_Drag_2019-05-22	19001-589		LII	Guilderland_NY	Albany_NY	New-York	USA	Ixodes-scapularis_F	Drag	2019-05-22	NYSDOH	Unpublished				
PV173-19001-591_LII_Guilderland_NY_USA_Ixodes-scapularis_F_Drag_2019-05-22	19001-591		LII	Guilderland_NY	Albany_NY	New-York	USA	Ixodes-scapularis_F	Drag	2019-05-22	NYSDOH	Unpublished				
PV174-19001-601_LII_Guilderland_NY_USA_Ixodes-scapularis_M_Drag_2019-05-22	19001-601		LII	Guilderland_NY	Albany_NY	New-York	USA	Ixodes-scapularis_F	Drag	2019-05-22	NYSDOH	Unpublished				
PV175-19021-063_LII_Chatham_NY_USA_Ixodes-scapularis_F_Drag_2019-05-07	19021-063		LII	Chatham_NY	Columbia_NY	New-York	USA	Ixodes-scapularis_F	Drag	2019-05-07	NYSDOH	Unpublished				
PV176-19039-010_LII_Greenville_NY_USA_Ixodes-scapularis_M_Drag_2019-05-08	19039-010		LII	Greenville_NY	Greene_NY	New-York	USA	Ixodes-scapularis_M	Drag	2019-05-08	NYSDOH	Unpublished				
PV177-19091-035_LII_Wilton_NY_USA_Ixodes-scapularis_F_Drag_2019-04-22	19091-035		LII	Wilton_NY	Saratoga_NY	New-York	USA	Ixodes-scapularis_F	Drag	2019-04-22	NYSDOH	Unpublished				
PV178-19091-043_LII_Wilton_NY_USA_Ixodes-scapularis_M_Drag_2019-04-22	19091-043		LII	Wilton_NY	Saratoga_NY	New-York	USA	Ixodes-scapularis_M	Drag	2019-04-22	NYSDOH	Unpublished				
PV179-19091-084_LII_Saratoga-Springs_NY_USA_Ixodes-scapularis_F_Drag_2019-04-29	19091-084		LII	Saratoga-Springs_NY	Saratoga_NY	New-York	USA	Ixodes-scapularis_F	Drag	2019-04-29	NYSDOH	Unpublished				
PV180-19091-164_LII_Wilton_NY_USA_Ixodes-scapularis_F_Drag_2019-05-15	19091-164		LII	Wilton_NY	Saratoga_NY	New-York	USA	Ixodes-scapularis_F	Drag	2019-05-15	NYSDOH	Unpublished				
PV181-19091-165_LII_Wilton_NY_USA_Ixodes-scapularis_F_Drag_2019-05-15	19091-165		LII	Wilton_NY	Saratoga_NY	New-York	USA	Ixodes-scapularis_F	Drag	2019-05-15	NYSDOH	Unpublished				
PV182-19093-125_LII_Glenville_NY_USA_Ixodes-scapularis_F_Drag_2019-05-16	19093-125		LII	Glenville_NY	Schenectady_NY	New-York	USA	Ixodes-scapularis_F	Drag	2019-05-16	NYSDOH	Unpublished				
PV183-19093-142_LII_Glenville_NY_USA_Ixodes-scapularis_M_Drag_2019-05-16	19093-142		LII	Glenville_NY	Schenectady_NY	New-York	USA	Ixodes-scapularis_M	Drag	2019-05-16	NYSDOH	Unpublished				
PV185-19093-242_LII_Glenville_NY_USA_Ixodes-scapularis_M_Drag_2019-05-22	19093-242		LII	Glenville_NY	Schenectady_NY	New-York	USA	Ixodes-scapularis_M	Drag	2019-05-22	NYSDOH	Unpublished				
PV186-19115-021_LII_Jackson_NY_USA_Ixodes-scapularis_F_Drag_2019-05-06	19115-021		LII	Jackson_NY	Washington_NY	New-York	USA	Ixodes-scapularis_F	Drag	2019-05-06	NYSDOH	Unpublished				
PV187-16CD17_LII_Copake_NY_USA_Ixodes-scapularis_M_Deer_2016-11-19	16CD17		LII	Copake_NY	Columbia_NY	New-York	USA	Ixodes-scapularis_M	Deer	2016-11-19	NYSDOH	Unpublished				
PV188-16021-171_LII_Greenport_NY_USA_Ixodes-scapularis_F_Drag_2016-10-21	16021-171		LII	Greenport_NY	Columbia_NY	New-York	USA	Ixodes-scapularis_F	Drag	2016-10-21	NYSDOH	Unpublished				
PV189-18091-387_LII_Charlton_NY_USA_Ixodes-scapularis_M_Drag_2018-11-08	18091-387		LII	Charlton_NY	Saratoga_NY	New-York	USA	Ixodes-scapularis_M	Drag	2018-11-08	NYSDOH	Unpublished				
PV190-18091-16-005_LII_Stillwater_NY_USA_Ixodes-scapularis_M_Deer_2018-11-17	18091-16-005		LII	Stillwater_NY	Saratoga_NY	New-York	USA	Ixodes-scapularis_M	Deer	2018-11-17	NYSDOH	Unpublished				
PV191-18091-26-001_LII_Schaghticoke_NY_USA_Ixodes-scapularis_M_Deer_2018-11-18	18091-26-001		LII	Schaghticoke_NY	Rensselaer_NY	New-York	USA	Ixodes-scapularis_M	Deer	2018-11-18	NYSDOH	Unpublished				
PV192-18091-11-003_LII_Saratoga_NY_USA_Ixodes-scapularis_M_Deer_2018-11-17	18091-11-003		LII	Saratoga_NY	Saratoga_NY	New-York	USA	Ixodes-scapularis_M	Deer	2018-11-17	NYSDOH	Unpublished				
PV193-18091-328_LII_Milton_NY_USA_Ixodes-scapularis_M_Drag_2018-11-07	18091-328		LII	Milton_NY	Saratoga_NY	New-York	USA	Ixodes-scapularis_M	Drag	2018-11-07	NYSDOH	Unpublished				
PV194-18089-048_LII_Hermon_NY_USA_Ixodes-scapularis_F_Drag_2018-10-14	18089-048		LII	Hermon_NY	St.-Lawrence_NY	New-York	USA	Ixodes-scapularis_F	Drag	2018-10-14	NYSDOH	Unpublished				
PV195-18089-049_LII_Hermon_NY_USA_Ixodes-scapularis_F_Drag_2018-10-14	18089-049		LII	Hermon_NY	St.-Lawrence_NY	New-York	USA	Ixodes-scapularis_F	Drag	2018-10-14	NYSDOH	Unpublished				
PV196-15-S13-03_LII_Shelter-Island_NY_USA_Ixodes-scapularis_M_Deer_2016-01-13	15-S13-03		LII	Shelter-Island_NY	Suffolk_NY	New-York	USA	Ixodes-scapularis_M	Deer	2016-01-13	NYSDOH	Unpublished				
PV197-15-S26-01_LII_Shelter-Island_NY_USA_Ixodes-scapularis_M_Deer_2016-01-20	15-S26-01		LII	Shelter-Island_NY	Suffolk_NY	New-York	USA	Ixodes-scapularis_M	Deer	2016-01-20	NYSDOH	Unpublished				
PV200-15CD63-001_LII_Nassau_NY_USA_Ixodes-scapularis_M_Deer_2015-11-22	15CD63-001		LII	Nassau_NY	Rensselaer_NY	New-York	USA	Ixodes-scapularis_M	Deer	2015-11-22	NYSDOH	Unpublished				
PV201-16021-231_LII_Clermont_NY_USA_Ixodes-scapularis_M_Drag_2016-10-25	16021-231		LII	Clermont_NY	Columbia_NY	New-York	USA	Ixodes-scapularis_M	Drag	2016-10-25	NYSDOH	Unpublished				
PV202-17091-180_LII_Saratoga-Springs_NY_USA_Ixodes-scapularis_N_Drag_2017-07-20	17091-180		LII	Saratoga-Springs_NY	Saratoga_NY	New-York	USA	Ixodes-scapularis_N	Drag	2017-07-20	NYSDOH	Unpublished				
PV203-17021-227_LII_Greenport_NY_USA_Ixodes-scapularis_N_Drag_2017-05-24	17021-227		LII	Greenport_NY	Columbia_NY	New-York	USA	Ixodes-scapularis_N	Drag	2017-05-24	NYSDOH	Unpublished				
PV204-19103-1357_LII_Southampton_NY_USA_Ixodes-scapularis_N_Drag_2019-06-17	19103-1357		LII	Southampton_NY	Suffolk_NY	New-York	USA	Ixodes-scapularis_N	Drag	2019-06-17	NYSDOH	Unpublished				
PV205-19119-078_LII_Armonk_NY_USA_Ixodes-scapularis_N_Drag_2019-05-31	19119-078		LII	Armonk_NY	Westchester_NY	New-York	USA	Ixodes-scapularis_N	Drag	2019-05-31	NYSDOH	Unpublished				
PV206-19103-01-001_LII_Shelter-Island_NY_USA_Ixodes-scapularis_M_Deer_2019-01-07	19103-01-001		LII	Shelter-Island_NY	Suffolk_NY	New-York	USA	Ixodes-scapularis_M	Deer	2019-01-07	NYSDOH	Unpublished				
PV207-19103-14-001_LII_Shelter-Island_NY_USA_Ixodes-scapularis_M_Deer_2019-01-07	19103-14-001		LII	Shelter-Island_NY	Suffolk_NY	New-York	USA	Ixodes-scapularis_M	Deer	2019-01-07	NYSDOH	Unpublished				
PV208-19103-27-001_LII_Shelter-Island_NY_USA_Ixodes-scapularis_M_Deer_2019-01-08	19103-27-001		LII	Shelter-Island_NY	Suffolk_NY	New-York	USA	Ixodes-scapularis_M	Deer	2019-01-08	NYSDOH	Unpublished				
PV209-19103-36-003_LII_Shelter-Island_NY_USA_Ixodes-scapularis_F_Deer_2019-01-08	19103-36-003		LII	Shelter-Island_NY	Suffolk_NY	New-York	USA	Ixodes-scapularis_F	Deer	2019-01-08	NYSDOH	Unpublished				
PV210-19103-37-002_LII_Shelter-Island_NY_USA_Ixodes-scapularis_M_Deer_2019-01-08	19103-37-002		LII	Shelter-Island_NY	Suffolk_NY	New-York	USA	Ixodes-scapularis_M	Deer	2019-01-08	NYSDOH	Unpublished				
PV211-19103-37-004_LII_Shelter-Island_NY_USA_Ixodes-scapularis_F_Deer_2019-01-08	19103-37-004		LII	Shelter-Island_NY	Suffolk_NY	New-York	USA	Ixodes-scapularis_F	Deer	2019-01-08	NYSDOH	Unpublished				
PV212-19103-41-001_LII_Shelter-Island_NY_USA_Ixodes-scapularis_M_Deer_2019-01-08	19103-41-001		LII	Shelter-Island_NY	Suffolk_NY	New-York	USA	Ixodes-scapularis_M	Deer	2019-01-08	NYSDOH	Unpublished				
PV213-19103-43-001_LII_Shelter-Island_NY_USA_Ixodes-scapularis_F_Deer_2019-01-09	19103-43-001		LII	Shelter-Island_NY	Suffolk_NY	New-York	USA	Ixodes-scapularis_F	Deer	2019-01-09	NYSDOH	Unpublished				
PV215-19091-227_LII_Clifton-Park_NY_USA_Ixodes-scapularis_F_Drag_2019-05-31	19091-227		LII	Clifton-Park_NY	Saratoga_NY	New-York	USA	Ixodes-scapularis_F	Drag	2019-05-31	NYSDOH	Unpublished				
PV216-19091-231_LII_Clifton-Park_NY_USA_Ixodes-scapularis_M_Drag_2019-05-31	19091-231		LII	Clifton-Park_NY	Saratoga_NY	New-York	USA	Ixodes-scapularis_M	Drag	2019-05-31	NYSDOH	Unpublished				
PV217-19095-165_LII_North-Blenheim_NY_USA_Ixodes-scapularis_M_Drag_2019-05-30	19095-165		LII	North-Blenheim_NY	Schoharie_NY	New-York	USA	Ixodes-scapularis_M	Drag	2019-05-30	NYSDOH	Unpublished				
PV218-13CD01-002_LII_Copake_NY_USA_Ixodes-scapularis_M_Deer_2013-11-16	13CD01-002		LII	Copake_NY	Columbia_NY	New-York	USA	Ixodes-scapularis_M	Deer	2013-11-16	NYSDOH	Unpublished				
PV222-14021-346_LII_Clermont_NY_USA_Ixodes-scapularis_F_Drag_2014-11-25	14021-346		LII	Clermont_NY	Columbia_NY	New-York	USA	Ixodes-scapularis_F	Drag	2014-11-25	NYSDOH	Unpublished				
PV223-14021-358_LII_Clermont_NY_USA_Ixodes-scapularis_M_Drag_2014-11-25	14021-358		LII	Clermont_NY	Columbia_NY	New-York	USA	Ixodes-scapularis_M	Drag	2014-11-25	NYSDOH	Unpublished				
PV224-14021-472_LII_Chatham_NY_USA_Ixodes-scapularis_M_Drag_2014-11-25	14021-472		LII	Chatham_NY	Columbia_NY	New-York	USA	Ixodes-scapularis_M	Drag	2014-11-25	NYSDOH	Unpublished				
PV227-14087-111_LII_Montebello_NY_USA_Ixodes-scapularis_M_Drag_2014-11-04	14087-111		LII	Montebello_NY	Rockland_NY	New-York	USA	Ixodes-scapularis_M	Drag	2014-11-04	NYSDOH	Unpublished				
PV228-14105-140_LII_Mamakating_NY_USA_Ixodes-scapularis_M_Drag_2014-10-28	14105-140		LII	Mamakating_NY	Sullivan_NY	New-York	USA	Ixodes-scapularis_M	Drag	2014-10-28	NYSDOH	Unpublished				
PV229-17091-15-003_LII_Stillwater_NY_USA_Ixodes-scapularis_M_Deer_2017-11-18	17091-15-003		LII	Stillwater_NY	Saratoga_NY	New-York	USA	Ixodes-scapularis_M	Deer	2017-11-18	NYSDOH	Unpublished				
PV230-17105-109_LII_Mamakating_NY_USA_Ixodes-scapularis_F_Drag_2017-10-27	17105-109		LII	Mamakating_NY	Sullivan_NY	New-York	USA	Ixodes-scapularis_F	Drag	2017-10-27	NYSDOH	Unpublished				
PV231-17119-29-002_LII_Pound-Ridge_NY_USA_Ixodes-scapularis_M_Deer_2017-11-13	17119-29-002_		LII	Pound-Ridge_NY	Westchester_NY	New-York	USA	Ixodes-scapularis_M	Deer	2017-11-13	NYSDOH	Unpublished				
PV232-18103-167-010_LII_Shelter-Island_NY_USA_Ixodes-scapularis_F_Deer_2018-11-01	18103-167-010		LII	Shelter-Island_NY	Suffolk_NY	New-York	USA	Ixodes-scapularis_F	Deer	2018-11-01	NYSDOH	Unpublished				
PV233-18103-168-007_LII_Shelter-Island_NY_USA_Ixodes-scapularis_Unknown_Deer_2018-11-01	18103-168-007		LII	Shelter-Island_NY	Suffolk_NY	New-York	USA	Ixodes-scapularis	Deer	2018-11-01	NYSDOH	Unpublished				
PV234-18071-054_LII_Wallkill_NY_USA_Ixodes-scapularis_N_Drag_2018-11-06	18071-054		LII	Wallkill_NY	Orange_NY	New-York	USA	Ixodes-scapularis_N	Drag	2018-11-06	NYSDOH	Unpublished				
PV235-18079-053_LII_Brewster_NY_USA_Ixodes-scapularis_N_Drag_2018-05-31	18079-053		LII	Brewster_NY	Putnam_NY	New-York	USA	Ixodes-scapularis_N	Drag	2018-05-31	NYSDOH	Unpublished				
PV236-18087-055_LII_Montebello_NY_USA_Ixodes-scapularis_N_Drag_2018-06-18	18087-055		LII	Montebello_NY	Rockland_NY	New-York	USA	Ixodes-scapularis_N	Drag	2018-06-18	NYSDOH	Unpublished				
PV237-18091-128_LII_Saratoga-Springs_NY_USA_Ixodes-scapularis_M_Drag_2018-06-27	18091-128		LII	Saratoga-Springs_NY	Saratoga_NY	New-York	USA	Ixodes-scapularis_M	Drag	2018-06-27	NYSDOH	Unpublished				
PV239-18103-058_LII_Smithtown_NY_USA_Ixodes-scapularis_F_Drag_2018-02-27	18103-058		LII	Smithtown_NY	Suffolk_NY	New-York	USA	Ixodes-scapularis_F	Drag	2018-02-27	NYSDOH	Unpublished				
PV240-18103-1315_LII_Huntington_NY_USA_Ixodes-scapularis_N_Drag_2018-06-07	18103-1315		LII	Huntington_NY	Suffolk_NY	New-York	USA	Ixodes-scapularis_N	Drag	2018-06-07	NYSDOH	Unpublished				
PV241-18103-1419_LII_Smithtown_NY_USA_Ixodes-scapularis_N_Drag_2018-06-06	18103-1419		LII	Smithtown_NY	Suffolk_NY	New-York	USA	Ixodes-scapularis_N	Drag	2018-06-06	NYSDOH	Unpublished				
PV242-18103-281_LII_East-Hampton_NY_USA_Ixodes-scapularis_N_Drag_2018-06-19	18103-281		LII	East-Hampton_NY	Suffolk_NY	New-York	USA	Ixodes-scapularis_N	Drag	2018-06-19	NYSDOH	Unpublished				
PV243-17021-304_LII_Greenport_NY_USA_Ixodes-scapularis_F_Drag_2017-11-01	17021-304		LII	Greenport_NY	Columbia_NY	New-York	USA	Ixodes-scapularis_F	Drag	2017-11-01	NYSDOH	Unpublished				
PV244-17021-341_LII_Taghkanic_NY_USA_Ixodes-scapularis_F_Drag_2017-11-01	17021-341		LII	Taghkanic_NY	Columbia_NY	New-York	USA	Ixodes-scapularis_F	Drag	2017-11-01	NYSDOH	Unpublished				
PV245-17091-11-001_LII_Stillwater_NY_USA_Ixodes-scapularis_M_Deer_2017-11-18	17091-11-001		LII	Stillwater_NY	Saratoga_NY	New-York	USA	Ixodes-scapularis_M	Deer	2017-11-18	NYSDOH	Unpublished				
PV246-17091-23-002_LII_Saratoga_NY_USA_Ixodes-scapularis_M_Deer_2017-11-18	17091-23-002		LII	Saratoga_NY	Saratoga_NY	New-York	USA	Ixodes-scapularis_M	Deer	2017-11-18	NYSDOH	Unpublished				
PV247-17091-24-003_LII_Ballston-Spa_NY_USA_Ixodes-scapularis_M_Deer_2017-11-18	17091-24-003		LII	Ballston-Spa_NY	Saratoga_NY	New-York	USA	Ixodes-scapularis_M	Deer	2017-11-18	NYSDOH	Unpublished				
PV248-17091-27-004_LII_Clifton-Park_NY_USA_Ixodes-scapularis_M_Deer_2017-11-19	17091-27-004		LII	Clifton-Park_NY	Saratoga_NY	New-York	USA	Ixodes-scapularis_M	Deer	2017-11-19	NYSDOH	Unpublished				
PV249-17091-391_LII_Wilton_NY_USA_Ixodes-scapularis_F_Drag_2017-10-27	17091-391		LII	Wilton_NY	Saratoga_NY	New-York	USA	Ixodes-scapularis_F	Drag	2017-10-27	NYSDOH	Unpublished				
PV250-17091-457_LII_Saratoga-Springs_NY_USA_Ixodes-scapularis_F_Drag_2017-11-09	17091-457		LII	Saratoga-Springs_NY	Saratoga_NY	New-York	USA	Ixodes-scapularis_F	Drag	2017-11-09	NYSDOH	Unpublished				
PV251-17091-474_LII_Greenfield_NY_USA_Ixodes-scapularis_F_Drag_2017-11-09	17091-474		LII	Greenfield_NY	Saratoga_NY	New-York	USA	Ixodes-scapularis_F	Drag	2017-11-09	NYSDOH	Unpublished				
PV252-17091-500_LII_Northumberland_NY_USA_Ixodes-scapularis_M_Drag_2017-11-15	17091-500		LII	Northumberland_NY	Saratoga_NY	New-York	USA	Ixodes-scapularis_M	Drag	2017-11-15	NYSDOH	Unpublished				
PV253-17091-536_LII_Stillwater_NY_USA_Ixodes-scapularis_M_Drag_2017-11-15	17091-536		LII	Stillwater_NY	Saratoga_NY	New-York	USA	Ixodes-scapularis_M	Drag	2017-11-15	NYSDOH	Unpublished				
PV254-17091-654_LII_Malta_NY_USA_Ixodes-scapularis_F_Drag_2017-11-09	17091-654		LII	Malta_NY	Saratoga_NY	New-York	USA	Ixodes-scapularis_F	Drag	2017-11-09	NYSDOH	Unpublished				
PV255-17091-658_LII_Malta_NY_USA_Ixodes-scapularis_M_Drag_2017-11-09	17091-658		LII	Malta_NY	Saratoga_NY	New-York	USA	Ixodes-scapularis_M	Drag	2017-11-09	NYSDOH	Unpublished				
PV256-17091-660_LII_Malta_NY_USA_Ixodes-scapularis_M_Drag_2017-11-09	17091-660		LII	Malta_NY	Saratoga_NY	New-York	USA	Ixodes-scapularis_M	Drag	2017-11-09	NYSDOH	Unpublished				
PV257-17103-1037_LII_Islip_NY_USA_Ixodes-scapularis_F_Drag_2017-11-21	17103-1037		LII	Islip_NY	Suffolk_NY	New-York	USA	Ixodes-scapularis_F	Drag	2017-11-21	NYSDOH	Unpublished				
PV258-17103-1045_LII_Huntington_NY_USA_Ixodes-scapularis_M_Drag_2017-10-27	17103-1045		LII	Huntington_NY	Suffolk_NY	New-York	USA	Ixodes-scapularis_M	Drag	2017-10-27	NYSDOH	Unpublished				
PV259-17103-973_LII_East-Hampton_NY_USA_Ixodes-scapularis_M_Drag_2017-11-15	17103-973		LII	East-Hampton_NY	Suffolk_NY	New-York	USA	Ixodes-scapularis_M	Drag	2017-11-15	NYSDOH	Unpublished				
PV260-17115-194_LII_Greenwich_NY_USA_Ixodes-scapularis_M_Drag_2017-10-27	17115-194		LII	Greenwich_NY	Washington_NY	New-York	USA	Ixodes-scapularis_M	Drag	2017-10-27	NYSDOH	Unpublished				
PV261-19001-855_LII_Guilderland_NY_USA_Ixodes-scapularis_F_Drag_2019-10-15	19001-855		LII	Guilderland_NY	Albany_NY	New-York	USA	Ixodes-scapularis_F	Drag	2019-10-15	NYSDOH	Unpublished				
PV262-19001-866_LII_Guilderland_NY_USA_Ixodes-scapularis_F_Drag_2019-10-15	19001-866		LII	Guilderland_NY	Albany_NY	New-York	USA	Ixodes-scapularis_F	Drag	2019-10-15	NYSDOH	Unpublished				
PV263-19001-899_LII_Guilderland_NY_USA_Ixodes-scapularis_M_Drag_2019-10-15	19001-899		LII	Guilderland_NY	Albany_NY	New-York	USA	Ixodes-scapularis_M	Drag	2019-10-15	NYSDOH	Unpublished				
PV264-19021-783_LII_Copake_NY_USA_Ixodes-scapularis_F_Drag_2019-11-06	19021-783		LII	Copake_NY	Columbia_NY	New-York	USA	Ixodes-scapularis_F	Drag	2019-11-06	NYSDOH	Unpublished				
PV265-19021-794_LII_Copake_NY_USA_Ixodes-scapularis_F_Drag_2019-11-06	19021-794		LII	Copake_NY	Columbia_NY	New-York	USA	Ixodes-scapularis_F	Drag	2019-11-06	NYSDOH	Unpublished				
PV266-19039-373_LII_Windham_NY_USA_Ixodes-scapularis_M_Drag_2019-10-25	19039-373		LII	Windham_NY	Greene_NY	New-York	USA	Ixodes-scapularis_M	Drag	2019-10-25	NYSDOH	Unpublished				
PV267-19039-497_LII_Cairo_NY_USA_Ixodes-scapularis_M_Drag_2019-10-25	19039-497		LII	Cairo_NY	Greene_NY	New-York	USA	Ixodes-scapularis_M	Drag	2019-10-25	NYSDOH	Unpublished				
PV268-19083-510_LII_Schodack_NY_USA_Ixodes-scapularis_F_Drag_2019-11-05	19083-510		LII	Schodack_NY	Rensselaer_NY	New-York	USA	Ixodes-scapularis_F	Drag	2019-11-05	NYSDOH	Unpublished				
PV269-19083-516_LII_Schodack_NY_USA_Ixodes-scapularis_F_Drag_2019-11-05	19083-516		LII	Schodack_NY	Rensselaer_NY	New-York	USA	Ixodes-scapularis_F	Drag	2019-11-05	NYSDOH	Unpublished				
PV270-19091-625_LII_Malta_NY_USA_Ixodes-scapularis_F_Drag_2019-10-10	19091-625		LII	Malta_NY	Saratoga_NY	New-York	USA	Ixodes-scapularis_F	Drag	2019-10-10	NYSDOH	Unpublished				
PV271-19093-494_LII_Glenville_NY_USA_Ixodes-scapularis_F_Drag_2019-11-04	19093-494		LII	Glenville_NY	Schenectady_NY	New-York	USA	Ixodes-scapularis_F	Drag	2019-11-04	NYSDOH	Unpublished				
PV272-19065-058_LI_Verona_NY_USA_Ixodes-scapularis_M_Drag_2019-11-04	19065-058		LI	Verona_NY	Oneida_NY	New-York	USA	Ixodes-scapularis_M	Drag	2019-11-04	NYSDOH	Unpublished				
PV273-19065-059_LI_Verona_NY_USA_Ixodes-scapularis_F_Drag_2019-11-04	19065-059		LI	Verona_NY	Oneida_NY	New-York	USA	Ixodes-scapularis_F	Drag	2019-11-04	NYSDOH	Unpublished				
PV274-19021-02-002_LII_Ancram_NY_USA_Ixodes-scapularis_M_Deer_2019-11-16	19021-02-002		LII	Ancram_NY	Columbia_NY	New-York	USA	Ixodes-scapularis_M	Deer	2019-11-16	NYSDOH	Unpublished				
PV275-19021-03-002_LII_North-East_NY_USA_Ixodes-scapularis_M_Deer_2019-11-16	19021-03-002		LII	North-East_NY	Dutchess_NY	New-York	USA	Ixodes-scapularis_M	Deer	2019-11-16	NYSDOH	Unpublished				
PV276-19021-09-001_LII_Taghkanic_NY_USA_Ixodes-scapularis_M_Deer_2019-11-16	19021-09-001		LII	Taghkanic_NY	Columbia_NY	New-York	USA	Ixodes-scapularis_M	Deer	2019-11-16	NYSDOH	Unpublished				
PV277-19091-04-001_LII_Ballston_NY_USA_Ixodes-scapularis_M_Deer_2019-11-16	19091-04-001		LII	Ballston_NY	Saratoga_NY	New-York	USA	Ixodes-scapularis_M	Deer	2019-11-16	NYSDOH	Unpublished				
PV278-19091-08-002_LII_Stillwater_NY_USA_Ixodes-scapularis_M_Deer_2019-11-16	19091-08-002		LII	Stillwater_NY	Saratoga_NY	New-York	USA	Ixodes-scapularis_M	Deer	2019-11-16	NYSDOH	Unpublished				
PV279-19091-11-001_LII_Greenwich_NY_USA_Ixodes-scapularis_M_Deer_2019-11-16	19091-11-001		LII	Greenwich_NY	Washington_NY	New-York	USA	Ixodes-scapularis_M	Deer	2019-11-16	NYSDOH	Unpublished				
PV286-POW19-088_LII_Thomaston_ME_USA_Ixodes-scapularis_M_Drag_2019-05-22	POW19-088		LII	Thomaston_ME	Knox_ME	Maine	USA	Ixodes-scapularis_M	Drag	2019-05-22	MMCRI	Unpublished				
PV287-WB19-061_LII_Wells_ME_USA_Ixodes-scapularis_N_Bird_2019-06-18	WB19-061		LII	Wells_ME	York_ME	Maine	USA	Ixodes-scapularis_N	Bird	2019-06-18	MMCRI	Unpublished				
PV292-PF3.019_LII_Wells_ME_USA_Ixodes-scapularis_M_Drag_2018-06-07	PF3.019		LII	Wells_ME	York_ME	Maine	USA	Ixodes-scapularis_M	Drag	2018-06-07	MMCRI	Unpublished				
PV293-PF3.020_LII_Wells_ME_USA_Ixodes-scapularis_M_Drag_2018-06-07	PF3.020		LII	Wells_ME	York_ME	Maine	USA	Ixodes-scapularis_M	Drag	2018-06-07	MMCRI	Unpublished				
PV297-PF1.021_LII_Wells_ME_USA_Ixodes-scapularis_M_Drag_2018-06-19	PF1.021		LII	Wells_ME	York_ME	Maine	USA	Ixodes-scapularis_M	Drag	2018-06-19	MMCRI	Unpublished				
PV298-PF6.005_LII_Wells_ME_USA_Ixodes-scapularis_M_Drag_2018-06-14	PF6.005		LII	Wells_ME	York_ME	Maine	USA	Ixodes-scapularis_M	Drag	2018-06-14	MMCRI	Unpublished				
PV299-LI108_LII_Mill-Neck_NY_USA_Ixodes-scapularis_F_Drag_2018-10-25	LI108		LII	Mill-Neck_NY	Nassau_NY	New-York	USA	Ixodes-scapularis_F	Drag	2018-10-25	Cornell	Unpublished				
PV300-LI131_LII_Mill-Neck_NY_USA_Ixodes-scapularis_M_Drag_2018-10-25	LI131		LII	Mill-Neck_NY	Nassau_NY	New-York	USA	Ixodes-scapularis_M	Drag	2018-10-25	Cornell	Unpublished				
PV301-LI132_LII_Mill-Neck_NY_USA_Ixodes-scapularis_M_Drag_2018-10-25	LI132		LII	Mill-Neck_NY	Nassau_NY	New-York	USA	Ixodes-scapularis_M	Drag	2018-10-25	Cornell	Unpublished				
PV302-LI171_LII_Mill-Neck_NY_USA_Ixodes-scapularis_F_Drag_2018-10-25	LI171		LII	Mill-Neck_NY	Nassau_NY	New-York	USA	Ixodes-scapularis_F	Drag	2018-10-25	Cornell	Unpublished				
PV303-LI192_LII_Mill-Neck_NY_USA_Ixodes-scapularis_M_Drag_2018-10-25	LI192		LII	Mill-Neck_NY	Nassau_NY	New-York	USA	Ixodes-scapularis_M	Drag	2018-10-25	Cornell	Unpublished				
PV305-LI212_LII_Mill-Neck_NY_USA_Ixodes-scapularis_M_Drag_2018-10-25	LI212		LII	Mill-Neck_NY	Nassau_NY	New-York	USA	Ixodes-scapularis_M	Drag	2018-10-25	Cornell	Unpublished				
PV306-LI298_LII_Oyster-Bay_NY_USA_Ixodes-scapularis_F_Drag_2018-10-31	LI298		LII	Oyster-Bay_NY	Nassau_NY	New-York	USA	Ixodes-scapularis_F	Drag	2018-10-31	Cornell	Unpublished				
PV307-LI305_LII_Oyster-Bay_NY_USA_Ixodes-scapularis_F_Drag_2018-10-31	LI305		LII	Oyster-Bay_NY	Nassau_NY	New-York	USA	Ixodes-scapularis_F	Drag	2018-10-31	Cornell	Unpublished				
PV309-LI327_LII_Oyster-Bay_NY_USA_Ixodes-scapularis_M_Drag_2018-10-31	LI327		LII	Oyster-Bay_NY	Nassau_NY	New-York	USA	Ixodes-scapularis_M	Drag	2018-10-31	Cornell	Unpublished				
PV310-LI331_LII_Oyster-Bay_NY_USA_Ixodes-scapularis_M_Drag_2018-10-31	LI331		LII	Oyster-Bay_NY	Nassau_NY	New-York	USA	Ixodes-scapularis_M	Drag	2018-10-31	Cornell	Unpublished				
PV311-LI336_LII_Oyster-Bay_NY_USA_Ixodes-scapularis_M_Drag_2018-10-31	LI336		LII	Oyster-Bay_NY	Nassau_NY	New-York	USA	Ixodes-scapularis_M	Drag	2018-10-31	Cornell	Unpublished				
PV312-LI343_LII_Oyster-Bay_NY_USA_Ixodes-scapularis_M_Drag_2018-10-31	LI343		LII	Oyster-Bay_NY	Nassau_NY	New-York	USA	Ixodes-scapularis_M	Drag	2018-10-31	Cornell	Unpublished				
PV313-LI586_LII_Woodbury_NY_USA_Ixodes-scapularis_M_Drag_2018-12-04	LI586		LII	Woodbury_NY	Nassau_NY	New-York	USA	Ixodes-scapularis_M	Drag	2018-12-04	Cornell	Unpublished				
PV315-MN26_LII_Camp-Ripley_MN_USA_Ixodes-scapularis_M_Drag_2019-06-27	MN26		LII	Camp-Ripley_MN	Morrison_MN	Minnesota	USA	Ixodes-scapularis_M	Drag	2019-06-27	UMN	Unpublished				
PV316-MN38_LII_Camp-Ripley_MN_USA_Ixodes-scapularis_M_Drag_2019-06-27	MN38		LII	Camp-Ripley_MN	Morrison_MN	Minnesota	USA	Ixodes-scapularis_M	Drag	2019-06-27	UMN	Unpublished				
PV318-MN61_LII_St-Croix_MN_USA_Ixodes-scapularis_F_Drag_2019-06-14	MN61		LII	St-Croix_MN	Washington_NY	Minnesota	USA	Ixodes-scapularis_F	Drag	2019-06-14	UMN	Unpublished				
PV320-Human-BHK1_LII_Littlefork_MN_USA_Human_NA_NA_2020-06-XX	Human-BHK1		LII	Littlefork_MN	Koochiching_MN	Minnesota	USA	Homo-sapiens	NA	2020-06-01	UMN	Unpublished				
PV323-Tick-10399-RNA_LII_Westchester_NY_USA_Ixodes-scapularis_F_Human_2021-04-21	Tick-10399-RNA		LII	Unknown_NY	Westchester_NY	New-York	USA	Ixodes-scapularis_F	Human	2021-04-21	SUNY	Unpublished				
PV324-Tick-10400-RNA_LII_Westchester_NY_USA_Ixodes-scapularis_F_Human_2021-04-22	Tick-10400-RNA		LII	Unknown_NY	Westchester_NY	New-York	USA	Ixodes-scapularis_F	Human	2021-04-22	SUNY	Unpublished				
PV325-Tick-6612-RNA_LII_Ulster_NY_USA_Ixodes-scapularis_F_Human_2020-10-10	Tick-6612-RNA		LII	Unknown_NY	Ulster_NY	New-York	USA	Ixodes-scapularis_F	Human	2020-10-10	SUNY	Unpublished				
PV326-Tick-10810-RNA_LII_Ulster_NY_USA_Ixodes-scapularis_F_Human_2021-04-29	Tick-10810-RNA		LII	Unknown_NY	Ulster_NY	New-York	USA	Ixodes-scapularis_F	Human	2021-04-29	SUNY	Unpublished				
PV328-Tick-7884-RNA_LII_Columbia_NY_USA_Ixodes-scapularis_F_Dog_2020-11-02	Tick-7884-RNA		LII	Unknown_NY	Columbia_NY	New-York	USA	Ixodes-scapularis_F	Dog	2020-11-02	SUNY	Unpublished				
PV329-Tick-TO3B-RNA_LII_Westchester_NY_USA_Ixodes-scapularis_M_Drag_2021-05-01	Tick-TO3B-RNA		LII	Unknown_NY	Westchester_NY	New-York	USA	Ixodes-scapularis_M	Drag	2021-05-01	SUNY	Unpublished				
PV330-Tick-TO3A-RNA_LII_Westchester_NY_USA_Ixodes-scapularis_F_Drag_2021-05-01	Tick-TO3A-RNA		LII	Unknown_NY	Westchester_NY	New-York	USA	Ixodes-scapularis_F	Drag	2021-05-01	SUNY	Unpublished				
PV336-1533_LII_Columbia_NY_USA_Ixodes-scapularis_F_Other_2019-10-12	1533		LII	Unknown_NY	Columbia_NY	New-York	USA	Ixodes-scapularis_F		2019-10-12	SUNY	Unpublished				
PV338-1535_LII_Columbia_NY_USA_Ixodes-scapularis_F_Other_2019-10-13	1535		LII	Unknown_NY	Columbia_NY	New-York	USA	Ixodes-scapularis_F		2019-10-13	SUNY	Unpublished				
PV339-1536_LII_Columbia_NY_USA_Ixodes-scapularis_F_NA_2019-10-13	1536		LII	Unknown_NY	Columbia_NY	New-York	USA	Ixodes-scapularis_F		2019-10-13	SUNY	Unpublished				
PV340-2612_LII_Nassau_NY_USA_Ixodes-scapularis_F_Human_2019-11-03	2612		LII	Unknown_NY	Nassau_NY	New-York	USA	Ixodes-scapularis_F		2019-11-03	SUNY	Unpublished				
PV342-4579_LI_Fulton_NY_USA_Ixodes-cookei_F_Human_2020-06-03	4579		LI	Unknown_NY	Fulton_NY	New-York	USA	Ixodes-cookei_F		2020-06-03	SUNY	Unpublished				
PV343-6493_LII_Columbia_NY_USA_Ixodes-scapularis_F_Drag_2020-10-01	6493		LII	Unknown_NY	Columbia_NY	New-York	USA	Ixodes-scapularis_F		2020-10-01	SUNY	Unpublished				
PV345-7111_LII_Columbia_NY_USA_Ixodes-scapularis_M_Drag_2020-10-24	7111		LII	Unknown_NY	Columbia_NY	New-York	USA	Ixodes-scapularis_M		2020-10-24	SUNY	Unpublished				
PV346-7114_LII_Columbia_NY_USA_Ixodes-scapularis_M_Drag_2020-10-24	7114		LII	Unknown_NY	Columbia_NY	New-York	USA	Ixodes-scapularis_M		2020-10-24	SUNY	Unpublished				
PV347-7115_LII_Columbia_NY_USA_Ixodes-scapularis_M_Drag_2020-10-24	7115		LII	Unknown_NY	Columbia_NY	New-York	USA	Ixodes-scapularis_M		2020-10-24	SUNY	Unpublished				
PV348-7116_LII_Columbia_NY_USA_Ixodes-scapularis_M_Drag_2020-10-24	7116		LII	Unknown_NY	Columbia_NY	New-York	USA	Ixodes-scapularis_M		2020-10-24	SUNY	Unpublished				
PV349-7118_LII_Columbia_NY_USA_Ixodes-scapularis_M_Drag_2020-10-24	7118		LII	Unknown_NY	Columbia_NY	New-York	USA	Ixodes-scapularis_M		2020-10-24	SUNY	Unpublished				
PV351-7422_LII_Columbia_NY_USA_Ixodes-scapularis_F_Drag_2020-10-24	7422		LII	Unknown_NY	Columbia_NY	New-York	USA	Ixodes-scapularis_F		2020-10-24	SUNY	Unpublished				
PV352-7427_LII_Columbia_NY_USA_Ixodes-scapularis_F_Drag_2020-10-24	7427		LII	Unknown_NY	Columbia_NY	New-York	USA	Ixodes-scapularis_F		2020-10-24	SUNY	Unpublished				
PV353-7455_LII_Columbia_NY_USA_Ixodes-scapularis_M_Drag_2020-10-24	7455		LII	Unknown_NY	Columbia_NY	New-York	USA	Ixodes-scapularis_M		2020-10-24	SUNY	Unpublished				
PV354-7771_LII_Orange_NY_USA_Ixodes-scapularis_F_Human_2020-11-03	7771		LII	Unknown_NY	Orange_NY	New-York	USA	Ixodes-scapularis_F		2020-11-03	SUNY	Unpublished				
PV355-7830_LII_Ulster_NY_USA_Ixodes-scapularis_F_Human_2020-11-06	7830		LII	Unknown_NY	Ulster_NY	New-York	USA	Ixodes-scapularis_F		2020-11-06	SUNY	Unpublished				
PV358-LP1-03_LII_Columbia_NY_USA_Ixodes-scapularis_F_Drag_2021-04-27	LP1-03		LII	Unknown_NY	Columbia_NY	New-York	USA	Ixodes-scapularis_F		2021-04-27	SUNY	Unpublished				
PV359-11109_LII_Dutchess_NY_USA_Ixodes-scapularis_F_Human_2021-05-02	11109		LII	Unknown_NY	Dutchess_NY	New-York	USA	Ixodes-scapularis_F		2021-05-02	SUNY	Unpublished				
PV360-11776_LII_Herkimer_NY_USA_Ixodes-scapularis_F_Human_2021-05-14	11776		LII	Unknown_NY	Herkimer_NY	New-York	USA	Ixodes-scapularis_F		2021-05-14	SUNY	Unpublished				
PV361-11931_LII_Albany_NY_USA_Ixodes-scapularis_F_Human_2021-05-18	11931		LII	Unknown_NY	Albany_NY	New-York	USA	Ixodes-scapularis_F		2021-05-18	SUNY	Unpublished				
PV363-12758_LII_Dutchess_NY_USA_Ixodes-scapularis_F_NA_2021-05-29	12758		LII	Unknown_NY	Dutchess_NY	New-York	USA	Ixodes-scapularis_F		2021-05-29	SUNY	Unpublished				
PV364-13083_LII_Putnam_NY_USA_Ixodes-scapularis_F_Human_2021-06-02	13083		LII	Unknown_NY	Putnam_NY	New-York	USA	Ixodes-scapularis_F		2021-06-02	SUNY	Unpublished				
PV365-13158_LII_Putnam_NY_USA_Ixodes-scapularis_N_Dog_2021-06-03	13158		LII	Unknown_NY	Putnam_NY	New-York	USA	Ixodes-scapularis_N		2021-06-03	SUNY	Unpublished				
PV366-16441_LII_Columbia_NY_USA_Ixodes-scapularis_N_Human_2021-07-13	16441		LII	Unknown_NY	Columbia_NY	New-York	USA	Ixodes-scapularis_N		2021-07-13	SUNY	Unpublished				
PV367-17461_LII_Ulster_NY_USA_Ixodes-scapularis_F_Dog_2021-10-04	17461		LII	Unknown_NY	Ulster_NY	New-York	USA	Ixodes-scapularis_F		2021-10-04	SUNY	Unpublished				
PV369-10971I_LI_Dutchess_NY_USA_Dermacentor-variabilis_F_NA_2021-04-30	10971I		LI	Unknown_NY	Dutchess_NY	New-York	USA	Dermacentor-variabilis_F		2021-04-30	SUNY	Unpublished				
Yale-PV375-10_LII_Westport_CT_USA_Ixodes-scapularis_F_Drag_2021-03-23	10		LII	Westport_CT	Fairfield_CT	Connecticut	USA	Ixodes-scapularis_F	Drag	2021-03-23	CAES	Unpublished
Yale-PV376-339_LII_Groton_CT_USA_Ixodes-scapularis_F_Drag_2021-04-28	339		LII	Groton_CT	New-London_CT	Connecticut	USA	Ixodes-scapularis_F	Drag	2021-04-28	CAES	Unpublished
Yale-PV377-503_LII_Burlington_CT_USA_Ixodes-scapularis_F_Drag_2021-05-17	503		LII	Burlington_CT	Hartford_CT	Connecticut	USA	Ixodes-scapularis_F	Drag	2021-05-17	CAES	Unpublished
Yale-PV378-606_LII_Westport_CT_USA_Ixodes-scapularis_F_Drag_2021-05-27	606		LII	Westport_CT	Fairfield_CT	Connecticut	USA	Ixodes-scapularis_F	Drag	2021-05-27	CAES	Unpublished
Yale-PV379-483_LII_Ashford_CT_USA_Ixodes-scapularis_N_Drag_2020-06-18	483		LII	Ashford_CT	Windham_CT	Connecticut	USA	Ixodes-scapularis_F	Drag	2020-06-18	CAES	Unpublished
Yale-PV380-599_LII_Groton_CT_USA_Ixodes-scapularis_F_Drag_2021-05-26	599		LII	Groton_CT	New-London_CT	Connecticut	USA	Ixodes-scapularis_F	Drag	2021-05-26	CAES	Unpublished
Yale-PV381-26_LII_North-Branford_CT_USA_Ixodes-scapularis_M_Drag_2021-11-01	26		LII	North-Branford_CT	New-Haven_CT	Connecticut	USA	Ixodes-scapularis_F	Drag	2021-11-01	CAES	Unpublished
Yale-PV382-39_LII_North-Franklin_CT_USA_Ixodes-scapularis_M_Drag_2022-04-20	39		LII	North-Franklin_CT	New-London_CT	Connecticut	USA	Ixodes-scapularis_F	Drag	2022-04-20	CAES	Unpublished
Yale-PV383-41_LII_Groton_CT_USA_Ixodes-scapularis_M_Drag_2022-04-22	41		LII	Groton_CT	New-London_CT	Connecticut	USA	Ixodes-scapularis_F	Drag	2022-04-22	CAES	Unpublished
Yale-PV384-49_LII_Burlington_CT_USA_Ixodes-scapularis_M_Drag_2022-04-28	49		LII	Burlington_CT	Hartford_CT	Connecticut	USA	Ixodes-scapularis_F	Drag	2022-04-28	CAES	Unpublished
Yale-PV385-108_LII_Simsbury_CT_USA_Ixodes-scapularis_M_Drag_2022-10-12	108		LII	Simsbury_CT	Hartford_CT	Connecticut	USA	Ixodes-scapularis_F	Drag	2022-10-12	CAES	Unpublished
Yale-PV386-169_LII_Groton_CT_USA_Ixodes-scapularis_F_Drag_2022-04-22	169		LII	Groton_CT	New-London_CT	Connecticut	USA	Ixodes-scapularis_F	Drag	2022-04-22	CAES	Unpublished
